"var","all3","bnd3","enrich3"
"WT",199,525,0
"D97E",83,12,-4.08694050415525
"I98M",25,5,-3.51054001693751
"D100N",105,14,-4.21609265847226
"E102D",134,344,-0.0414258449028771
"R104H",130,534,0.634909280233481
"V105A",127,14,-4.48817220390906
"T106I",76,45,-2.13828738415547
"T106V",16,5,-2.89756314004676
"I111E",88,0,-7.87079623048398
"I111M",124,11,-4.77588458345851
"T118R",72,408,1.09106967454415
"T124A",28,0,-6.25304379464515
"F129V",8,49,1.07886838881483
"K131R",16,57,0.375455354359655
"E132D",6,22,0.321144234481831
"N133G",8,44,0.926865295369785
"D146N",6,16,-0.114954880324842
"T156A",54,5,-4.59146001232108
"L168A",27,0,-6.20241772157518
"K170M",64,55,-1.61007569048843
"L171A",51,0,-7.09550251765867
"L171F",186,23,-4.35699475868406
"E176Q",2102,5734,0.0522818366538302
"M178R",6375,25588,0.609737435019765
"A179T",7621,21475,0.0994209972307916
"A179V",7993,20462,-0.0390346089502314
"D97E:I111E",59,0,-7.3019533951261
"D97E:I111M",76,5,-5.07688683949132
"D97E:K170M",44,0,-6.88691589584725
"D97E:L171F",83,0,-7.78738022229634
"D97E:E176Q",996,93,-4.80192364223814
"D97E:M178R",3115,382,-4.41934173565429
"D97E:A179T",3498,356,-4.68800948472833
"D97E:A179V",3763,326,-4.91996688674803
"I98M:I111E",20,0,-5.78738022229634
"I98M:I111M",22,0,-5.91862475557459
"I98M:E176Q",203,79,-2.74556004660171
"I98M:M178R",729,306,-2.64472060791478
"I98M:A179T",758,242,-3.03820637132726
"I98M:A179V",882,283,-3.03158530766136
"D100N:T118R",17,8,-2.39506279951758
"D100N:T156A",20,0,-5.78738022229634
"D100N:K170M",56,0,-7.22795281368232
"D100N:L171A",20,0,-5.78738022229634
"D100N:L171F",101,0,-8.06748814148907
"D100N:E176Q",1329,279,-3.64299031296116
"D100N:M178R",3955,1368,-2.92598277901879
"D100N:A179T",4356,1033,-3.47016172711781
"D100N:A179V",4985,1028,-3.67170270011511
"E102D:T118R",47,153,0.286761240456167
"E102D:D146N",7,17,-0.225137798075266
"E102D:L168A",35,0,-6.56498780095989
"E102D:K170M",51,30,-2.1413062072718
"E102D:L171A",24,6,-3.2315640672347
"E102D:L171F",104,22,-3.58574636112669
"E102D:E176Q",1465,3913,0.0216958529754141
"E102D:M178R",4698,18191,0.557815686973554
"E102D:A179T",5231,14615,0.0870512936118284
"E102D:A179V",5750,14509,-0.0599000229527776
"R104H:T118R",66,325,0.887576164255727
"R104H:F129V",7,13,-0.587707877459974
"R104H:D146N",6,22,0.321144234481831
"R104H:T156A",21,0,-5.85449441815488
"R104H:K170M",53,35,-1.98002530023873
"R104H:L171A",19,5,-3.13202839368378
"R104H:L171F",102,31,-3.0815633267008
"R104H:E176Q",1492,5838,0.572444346140363
"R104H:M178R",4622,25936,1.09304755288605
"R104H:A179T",5261,21524,0.637267284488102
"R104H:A179V",5876,20990,0.441556294529591
"V105A:T118R",78,6,-4.89148862563708
"V105A:T156A",51,0,-7.09550251765867
"V105A:K170M",44,0,-6.88691589584725
"V105A:L171A",28,0,-6.25304379464515
"V105A:L171F",131,0,-8.43945691887603
"V105A:E176Q",1421,116,-4.99840382955359
"V105A:M178R",4698,558,-4.4664963790755
"V105A:A179T",5291,457,-4.92545635769931
"V105A:A179V",5405,423,-5.06748814148907
"T106I:K170M",30,0,-6.34925910990445
"T106I:L171F",63,0,-7.39506279951758
"T106I:E176Q",746,465,-2.07584108765253
"T106I:M178R",2390,2290,-1.45669947092453
"T106I:A179T",2765,1679,-2.11440272300195
"T106I:A179V",2971,1717,-2.18576687891771
"T106V:E176Q",267,48,-3.84644214586014
"T106V:M178R",844,231,-3.25988933555955
"T106V:A179T",957,161,-3.95909464236913
"T106V:A179V",953,171,-3.86664350082099
"F108Y:M178R",8,16,-0.47752495970955
"I111E:T124A",39,0,-6.71699089440494
"I111E:K170M",40,0,-6.75261480413566
"I111E:L171F",99,0,-8.0389189892923
"I111E:E176Q",993,92,-4.81300602997183
"I111E:M178R",3311,401,-4.43749806583797
"I111E:A179T",3733,334,-4.87355172639865
"I111E:A179V",4032,289,-5.19279139990852
"I111M:T124A",51,0,-7.09550251765867
"I111M:L168A",23,0,-5.98002530023873
"I111M:K170M",61,0,-7.34925910990445
"I111M:L171A",39,0,-6.71699089440494
"I111M:L171F",142,0,-8.55493413629597
"I111M:E176Q",1519,139,-4.83563539090356
"I111M:M178R",4849,516,-4.6248113611645
"I111M:A179T",5513,444,-5.02628482567401
"I111M:A179V",6135,459,-5.13265551607614
"T118R:E132D",7,32,0.649331319840876
"T118R:K170M",35,33,-1.47752495970955
"T118R:L171F",71,24,-2.92113161118517
"T118R:E176Q",929,5208,1.09064101623773
"T118R:M178R",3148,22627,1.45008061399079
"T118R:A179T",3554,18854,1.01196288600467
"T118R:A179V",3800,19179,0.94008899052595
"K121H:M178R",15,60,0.535674538045308
"K121H:A179T",14,64,0.720414417902358
"K121H:A179V",10,49,0.78936177161985
"K121R:E176Q",45,116,-0.0482600359911861
"K121R:M178R",171,657,0.540616219515566
"K121R:A179T",156,448,0.120888086331942
"K121R:A179V",182,477,-0.00989582982087152
"V123A:E176Q",114,12,-4.54011313232086
"V123A:M178R",357,64,-3.85651076375338
"V123A:A179T",435,29,-5.25635652868599
"V123A:A179V",470,43,-4.81521443049306
"V123F:E176Q",152,11,-5.06748814148907
"V123F:M178R",482,47,-4.72597967763219
"V123F:A179T",560,28,-5.6689387649988
"V123F:A179V",507,34,-5.25446446934478
"V123L:E176Q",82,25,-3.06966251272341
"V123L:M178R",233,136,-2.16739543614046
"V123L:A179T",286,103,-2.85953000805217
"V123L:A179V",269,73,-3.26242503093946
"T124A:L171F",22,0,-5.91862475557459
"T124A:E176Q",218,17,-4.99992485767644
"T124A:M178R",846,105,-4.39336050428658
"T124A:A179T",933,72,-5.07251698034722
"T124A:A179V",940,51,-5.57267399410502
"V126A:M178R",30,14,-2.44236851429593
"V126A:A179T",32,9,-3.11752882398867
"V126A:A179V",40,5,-4.16765230341451
"R128E:E176Q",12,16,-1.00803967640833
"R128E:M178R",28,95,0.331918706076006
"R128E:A179T",36,62,-0.627236241646611
"R128E:A179V",33,41,-1.09020821798916
"F129V:E176Q",99,409,0.640561110213143
"F129V:M178R",438,2252,0.964491669182492
"F129V:A179T",486,1622,0.341606522948051
"F129V:A179V",477,1545,0.298394996426521
"K131R:E176Q",109,546,0.918974509750319
"K131R:M178R",486,2671,1.06086353087413
"K131R:A179T",436,1777,0.629487339811594
"K131R:A179V",486,1737,0.44037160521448
"E132D:E176Q",55,168,0.198461714707002
"E132D:M178R",198,984,0.912292494282512
"E132D:A179T",224,712,0.268914275709273
"E132D:A179V",225,682,0.200500006357325
"N133G:D146N",19,71,0.452934107037372
"N133G:E176Q",109,315,0.127358235134865
"N133G:M178R",342,1805,1.00145461179047
"N133G:A179T",342,1337,0.568734834951071
"N133G:A179V",383,1231,0.286761240456167
"R134K:M178R",9,42,0.709273860297158
"R134K:A179T",13,30,-0.248221411188307
"R134K:A179V",18,40,-0.285438308343079
"W136H:M178R",9,31,0.28300910559506
"W136H:A179T",17,26,-0.810100298796421
"W136H:A179V",16,14,-1.5756350451594
"L140A:E176Q",52,8,-3.95305825263846
"L140A:M178R",164,49,-3.11752882398867
"L140A:A179T",190,39,-3.65056353266596
"L140A:A179V",192,35,-3.81759483534335
"E141S:E176Q",22,0,-5.91862475557459
"E141S:M178R",60,0,-7.32580013708046
"E141S:A179T",48,0,-7.00977264363279
"E141S:A179V",97,10,-4.55034102499549
"V145A:E176Q",38,5,-4.09550251765867
"V145A:M178R",222,64,-3.17359488640943
"V145A:A179T",131,32,-3.39506279951758
"V145A:A179V",157,39,-3.37691545280732
"D146N:E176Q",39,141,0.432756225099742
"D146N:M178R",232,1101,0.8466595643993
"D146N:A179T",96,341,0.422876873181193
"D146N:A179V",130,451,0.39169316136016
"M147H:E176Q",22,0,-5.91862475557459
"M147H:M178R",106,45,-2.61296782986171
"M147H:A179T",57,6,-4.44568887258755
"M147H:A179V",66,5,-4.87618948925419
"E153Q:E176Q",59,94,-0.732097786795149
"E153Q:M178R",303,741,-0.10771493634036
"E153Q:A179T",121,237,-0.43098237377252
"E153Q:A179V",164,273,-0.663352930802867
"T156A:K170M",32,0,-6.43945691887603
"T156A:L171F",34,0,-6.52434581646254
"T156A:E176Q",479,48,-4.68724355101089
"T156A:M178R",2418,304,-4.38259242104725
"T156A:A179T",807,77,-4.76787206340712
"T156A:A179V",867,79,-4.83468593707469
"D161N:M178R",13,17,-1.03249272013287
"L168A:M178R",15,5,-2.81010029879642
"L168A:A179V",27,0,-6.20241772157518
"K170M:A179V",16,6,-2.67517071871031
"L171F:A179T",22,5,-3.33366225485343
"T173M:A179V",8,18,-0.317060287516304
"M178R:R180C",5,16,0.107437541011606
"M178R:R180S",9,13,-0.909635972347336
"A179T:R180S",10,21,-0.395062799517578
"A179V:R180S",10,18,-0.60656690471129
"D97E:V105A:A179T",20,0,-5.78738022229634
"D97E:T106I:M178R",25,0,-6.09550251765867
"D97E:T106I:A179T",32,0,-6.43945691887603
"D97E:T106I:A179V",52,0,-7.12298325408078
"D97E:T106V:A179T",20,0,-5.78738022229634
"D97E:T106V:A179V",23,0,-5.98002530023873
"D97E:I111E:K170M",26,0,-6.14995030168105
"D97E:I111E:L171A",20,0,-5.78738022229634
"D97E:I111E:L171F",62,0,-7.3723427230175
"D97E:I111E:E176Q",698,31,-5.84421144489301
"D97E:I111E:M178R",2326,155,-5.29391607606068
"D97E:I111E:A179T",2606,166,-5.35953337457908
"D97E:I111E:A179V",2796,129,-5.82235952496532
"D97E:I111M:K170M",28,0,-6.25304379464515
"D97E:I111M:L171F",73,0,-7.60451616514653
"D97E:I111M:E176Q",816,55,-5.26190014560566
"D97E:I111M:M178R",2605,300,-4.50906449132601
"D97E:I111M:A179T",2927,243,-4.98002530023873
"D97E:I111M:A179V",3233,245,-5.111652257652
"D97E:T118R:E176Q",255,54,-3.61370308599292
"D97E:T118R:M178R",907,195,-3.60690144269328
"D97E:T118R:A179T",971,164,-3.95355308887754
"D97E:T118R:A179V",986,144,-4.16205998395904
"D97E:V123A:M178R",49,5,-4.45395648857115
"D97E:V123A:A179T",49,0,-7.0389189892923
"D97E:V123A:A179V",45,6,-4.11126983351699
"D97E:V123F:E176Q",34,0,-6.52434581646254
"D97E:V123F:M178R",55,6,-4.39506279951758
"D97E:V123F:A179T",72,5,-4.99992485767644
"D97E:V123F:A179V",56,0,-7.22795281368232
"D97E:V123L:M178R",39,0,-6.71699089440494
"D97E:V123L:A179T",43,0,-6.85449441815488
"D97E:V123L:A179V",42,0,-6.82132755421968
"D97E:T124A:M178R",30,0,-6.34925910990445
"D97E:T124A:A179T",52,0,-7.12298325408078
"D97E:T124A:A179V",46,0,-6.94965165119522
"D97E:F129V:M178R",45,8,-3.74869975413228
"D97E:F129V:A179T",58,0,-7.27770584887942
"D97E:F129V:A179V",61,0,-7.34925910990445
"D97E:K131R:M178R",31,10,-2.93563118088028
"D97E:K131R:A179T",25,0,-6.09550251765867
"D97E:K131R:A179V",24,5,-3.45395648857115
"D97E:E132D:M178R",16,9,-2.16059754588056
"D97E:N133G:M178R",17,11,-1.98002530023873
"D97E:L140A:M178R",32,0,-6.43945691887603
"D97E:L140A:A179T",26,0,-6.14995030168105
"D97E:L140A:A179V",27,0,-6.20241772157518
"D97E:E141S:A179V",21,0,-5.85449441815488
"D97E:V145A:M178R",62,0,-7.3723427230175
"D97E:V145A:A179T",41,0,-6.78738022229634
"D97E:V145A:A179V",56,0,-7.22795281368232
"D97E:D146N:M178R",80,7,-4.7349128024022
"D97E:D146N:A179T",21,0,-5.85449441815488
"D97E:D146N:A179V",40,6,-3.94525988207806
"D97E:M147H:M178R",42,0,-6.82132755421968
"D97E:M147H:A179T",35,0,-6.56498780095989
"D97E:M147H:A179V",33,0,-6.48252564076792
"D97E:E153Q:M178R",83,0,-7.78738022229634
"D97E:E153Q:A179T",47,0,-6.98002530023873
"D97E:E153Q:A179V",44,0,-6.88691589584725
"D97E:T156A:E176Q",155,0,-8.68046501837983
"D97E:T156A:M178R",805,21,-6.59026720940825
"D97E:T156A:A179T",240,16,-5.2204892944972
"D97E:T156A:A179V",231,14,-5.34615319903663
"I98M:I111E:E176Q",170,17,-4.64299031296116
"I98M:I111E:M178R",621,72,-4.48600901076816
"I98M:I111E:A179T",648,56,-4.90424745335197
"I98M:I111E:A179V",713,68,-4.76631860676851
"I98M:I111M:E176Q",200,14,-5.13922389508799
"I98M:I111M:M178R",643,61,-4.77178336724532
"I98M:I111M:A179T",665,58,-4.891798117227
"I98M:I111M:A179V",757,57,-5.1031358425611
"I98M:T118R:E176Q",28,29,-1.34615319903663
"I98M:T118R:M178R",93,138,-0.830710578471708
"I98M:T118R:A179T",97,135,-0.922309802382447
"I98M:T118R:A179V",110,115,-1.33149767074011
"I98M:K121R:A179V",13,7,-2.20241772157518
"I98M:T124A:A179V",21,0,-5.85449441815488
"I98M:F129V:M178R",15,10,-1.93563118088028
"I98M:F129V:A179T",21,5,-3.26953191743372
"I98M:D146N:M178R",9,14,-0.810100298796421
"I98M:T156A:E176Q",45,0,-6.91862475557459
"I98M:T156A:M178R",198,10,-5.57225580142393
"I98M:T156A:A179T",77,0,-7.68046501837983
"I98M:T156A:A179V",80,0,-7.7349128024022
"D100N:R104H:A179V",8,16,-0.47752495970955
"D100N:I111E:E176Q",107,0,-8.14995030168105
"D100N:I111E:M178R",299,16,-5.53641864876312
"D100N:I111E:A179T",352,24,-5.21473098301403
"D100N:I111E:A179V",364,23,-5.3218529525638
"D100N:I111M:E176Q",93,0,-7.94965165119522
"D100N:I111M:M178R",256,25,-4.70024763057036
"D100N:I111M:A179T",291,26,-4.82999985623413
"D100N:I111M:A179V",330,21,-5.3063185876875
"D100N:T118R:L171F",31,0,-6.39506279951758
"D100N:T118R:E176Q",242,176,-1.85226975304036
"D100N:T118R:M178R",740,780,-1.31921379368143
"D100N:T118R:A179T",777,606,-1.75313643824809
"D100N:T118R:A179V",859,636,-1.82810608685074
"D100N:K121R:M178R",20,8,-2.61745522085403
"D100N:K121R:A179V",13,9,-1.88048962668782
"D100N:V123A:M178R",72,0,-7.5848873583976
"D100N:V123A:A179T",76,6,-4.85449441815488
"D100N:V123A:A179V",112,0,-8.21524176193276
"D100N:V123F:E176Q",35,0,-6.56498780095989
"D100N:V123F:M178R",87,0,-7.85449441815488
"D100N:V123F:A179T",124,0,-8.36084708417967
"D100N:V123F:A179V",106,6,-5.32917486386112
"D100N:V123L:M178R",49,0,-7.0389189892923
"D100N:V123L:A179T",66,0,-7.46115198997535
"D100N:V123L:A179V",65,0,-7.43945691887603
"D100N:T124A:E176Q",33,0,-6.48252564076792
"D100N:T124A:M178R",96,5,-5.41001314098355
"D100N:T124A:A179T",115,0,-8.25304379464515
"D100N:T124A:A179V",117,7,-5.27770584887942
"D100N:V126A:M178R",27,0,-6.20241772157518
"D100N:V126A:A179T",28,5,-3.66808129392399
"D100N:V126A:A179V",29,0,-6.3019533951261
"D100N:F129V:E176Q",23,0,-5.98002530023873
"D100N:F129V:M178R",79,17,-3.54706589296263
"D100N:F129V:A179T",69,14,-3.61745522085403
"D100N:F129V:A179V",74,15,-3.62388149001346
"D100N:K131R:M178R",38,25,-1.98002530023873
"D100N:K131R:A179T",22,11,-2.33366225485343
"D100N:K131R:A179V",27,13,-2.39506279951758
"D100N:E132D:M178R",23,21,-1.52059368160144
"D100N:E132D:A179T",42,19,-2.49939945933231
"D100N:E132D:A179V",33,15,-2.48252564076792
"D100N:N133G:M178R",20,17,-1.61745522085403
"D100N:L140A:M178R",43,7,-3.85449441815488
"D100N:L140A:A179T",38,5,-4.09550251765867
"D100N:L140A:A179V",42,5,-4.23636505349852
"D100N:E141S:A179V",24,0,-6.0389189892923
"D100N:V145A:M178R",95,0,-7.98002530023873
"D100N:V145A:A179T",50,0,-7.06748814148907
"D100N:V145A:A179V",71,0,-7.56498780095989
"D100N:D146N:M178R",74,39,-2.3019533951261
"D100N:D146N:A179T",16,14,-1.5756350451594
"D100N:D146N:A179V",15,10,-1.93563118088028
"D100N:M147H:M178R",29,0,-6.3019533951261
"D100N:E153Q:E176Q",22,0,-5.91862475557459
"D100N:E153Q:M178R",103,22,-3.57194056160166
"D100N:E153Q:A179T",62,13,-3.56498780095989
"D100N:E153Q:A179V",67,0,-7.48252564076792
"D100N:T156A:E176Q",153,6,-5.85449441815488
"D100N:T156A:M178R",956,28,-6.43945691887603
"D100N:T156A:A179T",252,14,-5.47116577860337
"D100N:T156A:A179V",279,12,-5.82390609832145
"E102D:T106I:M178R",5,23,0.604937200482422
"E102D:I111E:M178R",20,8,-2.61745522085403
"E102D:I111E:A179T",25,0,-6.09550251765867
"E102D:I111E:A179V",38,0,-6.68046501837983
"E102D:I111M:E176Q",27,0,-6.20241772157518
"E102D:I111M:M178R",76,11,-4.07688683949132
"E102D:I111M:A179T",92,8,-4.7642966091833
"E102D:I111M:A179V",107,14,-4.24305970607253
"E102D:T118R:K170M",15,14,-1.48817220390906
"E102D:T118R:L171F",24,5,-3.45395648857115
"E102D:T118R:E176Q",345,1877,1.04529032049947
"E102D:T118R:M178R",1333,7979,1.18556728040755
"E102D:T118R:A179T",1383,6601,0.858996396068233
"E102D:T118R:A179V",1527,6777,0.754152293930668
"E102D:K121H:M178R",8,20,-0.17267037818113
"E102D:K121H:A179T",14,25,-0.601513676985004
"E102D:K121H:A179V",14,22,-0.778391439069083
"E102D:K121R:E176Q",16,29,-0.575635045159399
"E102D:K121R:M178R",46,144,0.230257438819719
"E102D:K121R:A179T",56,122,-0.285438308343079
"E102D:K121R:A179V",77,106,-0.938998031978679
"E102D:V123A:E176Q",57,0,-7.25304379464515
"E102D:V123A:M178R",162,10,-5.28435933511136
"E102D:V123A:A179T",203,11,-5.48252564076792
"E102D:V123A:A179V",228,15,-5.23426658761452
"E102D:V123F:E176Q",52,0,-7.12298325408078
"E102D:V123F:M178R",174,14,-4.93938331574139
"E102D:V123F:A179T",207,10,-5.63607089902137
"E102D:V123F:A179V",171,19,-4.49939945933231
"E102D:V123L:E176Q",35,16,-2.47752495970955
"E102D:V123L:M178R",128,60,-2.47555271737795
"E102D:V123L:A179T",131,31,-3.43945691887603
"E102D:V123L:A179V",104,31,-3.1093083171837
"E102D:T124A:E176Q",43,6,-4.04713949609727
"E102D:T124A:M178R",127,15,-4.39506279951758
"E102D:T124A:A179T",140,19,-4.21268605702901
"E102D:T124A:A179V",157,9,-5.37691545280732
"E102D:F129V:E176Q",29,75,-0.0540258816825106
"E102D:F129V:M178R",105,450,0.694000369174604
"E102D:F129V:A179T",111,278,-0.0782964097459945
"E102D:F129V:A179V",132,225,-0.63016627260358
"E102D:K131R:E176Q",8,54,1.21637191256477
"E102D:K131R:M178R",37,328,1.71895346077408
"E102D:K131R:A179T",30,156,0.945361638987174
"E102D:K131R:A179V",24,156,1.25570175959932
"E102D:E132D:E176Q",9,21,-0.257559275767643
"E102D:E132D:M178R",30,196,1.27279270955192
"E102D:E132D:A179T",32,160,0.891459959238586
"E102D:E132D:A179V",29,148,0.917215125336065
"E102D:N133G:E176Q",9,19,-0.395062799517578
"E102D:N133G:M178R",23,166,1.40367899223532
"E102D:N133G:A179T",19,89,0.774862201924735
"E102D:N133G:A179V",21,64,0.16787339487358
"E102D:L140A:M178R",53,17,-2.98002530023873
"E102D:L140A:A179T",44,15,-2.88691589584725
"E102D:L140A:A179V",31,12,-2.69462308137649
"E102D:E141S:A179V",22,8,-2.74869975413228
"E102D:V145A:M178R",99,28,-3.18093799416473
"E102D:V145A:A179T",50,14,-3.16059754588056
"E102D:V145A:A179V",53,14,-3.24305970607253
"E102D:D146N:E176Q",11,35,0.189899701203578
"E102D:D146N:M178R",79,445,1.08390900551536
"E102D:D146N:A179T",14,91,1.22160856093092
"E102D:D146N:A179V",41,132,0.267902213204852
"E102D:M147H:M178R",47,16,-2.89256245898839
"E102D:M147H:A179T",13,11,-1.61745522085403
"E102D:E153Q:E176Q",38,23,-2.09550251765867
"E102D:E153Q:M178R",122,305,-0.0801894621641659
"E102D:E153Q:A179T",70,75,-1.29688240557867
"E102D:E153Q:A179V",99,58,-2.15627593993046
"E102D:T156A:E176Q",239,35,-4.13202839368378
"E102D:T156A:M178R",1195,155,-4.33366225485343
"E102D:T156A:A179T",287,50,-3.89256245898839
"E102D:T156A:A179V",371,33,-4.84675876937527
"E102D:A179T:R180S",9,15,-0.71699089440494
"R104H:I111M:M178R",36,15,-2.60451616514653
"R104H:I111M:A179T",30,11,-2.7642966091833
"R104H:I111M:A179V",35,13,-2.75763287890229
"R104H:T118R:K131R",10,14,-0.947603822546357
"R104H:T118R:K170M",16,39,-0.160597545880555
"R104H:T118R:L171F",76,16,-3.57438649896214
"R104H:T118R:E176Q",766,4239,1.07170298243005
"R104H:T118R:M178R",2316,17469,1.51948685942172
"R104H:T118R:A179T",2529,14949,1.16787339487358
"R104H:T118R:A179V",2936,14595,0.918095085742053
"R104H:K121H:E176Q",8,48,1.04972204315532
"R104H:K121H:M178R",40,191,0.832347696585495
"R104H:K121H:A179T",46,150,0.288753088129863
"R104H:K121H:A179V",44,152,0.370471946845399
"R104H:K121R:E176Q",47,105,-0.252104845675535
"R104H:K121R:M178R",129,483,0.501432624728562
"R104H:K121R:A179T",135,433,0.279025591676562
"R104H:K121R:A179V",177,393,-0.248744411027599
"R104H:V123A:E176Q",63,7,-4.39506279951758
"R104H:V123A:M178R",211,34,-3.99370023713581
"R104H:V123A:A179T",262,31,-4.43398178880988
"R104H:V123A:A179V",281,23,-4.94965165119522
"R104H:V123F:E176Q",72,13,-3.77753243633999
"R104H:V123F:M178R",251,22,-4.84878076696048
"R104H:V123F:A179T",283,24,-4.90095372924754
"R104H:V123F:A179V",290,29,-4.67304754681734
"R104H:V123L:E176Q",48,28,-2.15179164850521
"R104H:V123L:M178R",158,150,-1.46954101547685
"R104H:V123L:A179T",149,99,-1.98002530023873
"R104H:V123L:A179V",193,101,-2.32255029973321
"R104H:T124A:E176Q",61,7,-4.34925910990445
"R104H:T124A:M178R",175,24,-4.21063822838015
"R104H:T124A:A179T",185,24,-4.29036542085088
"R104H:T124A:A179V",174,23,-4.26131141062875
"R104H:R128E:A179V",7,14,-0.488172203909059
"R104H:F129V:E176Q",57,153,0.0137427460497517
"R104H:F129V:M178R",165,863,0.984785271298966
"R104H:F129V:A179T",181,680,0.508653548295797
"R104H:F129V:A179V",171,572,0.341063774537229
"R104H:K131R:E176Q",5,85,2.44623945446336
"R104H:K131R:M178R",63,522,1.63560433672936
"R104H:K131R:A179T",27,283,1.9473293979295
"R104H:K131R:A179V",32,248,1.52054501319205
"R104H:E132D:E176Q",10,46,0.700094433522762
"R104H:E132D:M178R",45,304,1.33404067687566
"R104H:E132D:A179T",37,264,1.4068582364894
"R104H:E132D:A179V",29,204,1.37752670437935
"R104H:N133G:M178R",23,250,1.99151825371204
"R104H:N133G:A179T",26,127,0.850049698318954
"R104H:N133G:A179V",19,85,0.709273860297158
"R104H:L140A:M178R",49,18,-2.79099147584872
"R104H:L140A:A179T",53,22,-2.62638834562403
"R104H:L140A:A179V",38,18,-2.43253750493624
"R104H:E141S:A179V",44,5,-4.3019533951261
"R104H:V145A:M178R",85,50,-2.14890221224818
"R104H:V145A:A179T",60,18,-3.07787262363688
"R104H:V145A:A179V",70,22,-3.02124796296525
"R104H:D146N:E176Q",5,61,1.97417101014814
"R104H:D146N:M178R",87,734,1.66710602156885
"R104H:D146N:A179T",29,163,1.05559860949199
"R104H:D146N:A179V",30,256,1.65636543928943
"R104H:M147H:M178R",41,35,-1.61745522085403
"R104H:M147H:A179V",19,8,-2.54706589296263
"R104H:E153Q:E176Q",24,41,-0.646601566513542
"R104H:E153Q:M178R",142,421,0.166165052411218
"R104H:E153Q:A179T",53,94,-0.580094693350098
"R104H:E153Q:A179V",59,94,-0.732097786795149
"R104H:T156A:L171F",21,0,-5.85449441815488
"R104H:T156A:E176Q",227,43,-3.76852119504502
"R104H:T156A:M178R",1180,244,-3.66421810991216
"R104H:T156A:A179T",353,72,-3.67284379072056
"R104H:T156A:A179V",375,49,-4.30579546142049
"R104H:L168A:A179V",18,5,-3.05802781224001
"R104H:A179V:R180S",5,19,0.341902794648628
"V105A:I111M:E176Q",21,0,-5.85449441815488
"V105A:I111M:M178R",33,0,-6.48252564076792
"V105A:I111M:A179T",48,0,-7.00977264363279
"V105A:I111M:A179V",34,0,-6.52434581646254
"V105A:T118R:K170M",20,0,-5.78738022229634
"V105A:T118R:L171F",68,0,-7.50358725629575
"V105A:T118R:E176Q",858,81,-4.78402511603796
"V105A:T118R:M178R",2696,407,-4.11977726378169
"V105A:T118R:A179T",3045,332,-4.58838465893361
"V105A:T118R:A179V",3187,355,-4.55776528254165
"V105A:K121H:M178R",72,6,-4.77753243633999
"V105A:K121H:A179T",106,5,-5.55156728519757
"V105A:K121H:A179V",120,10,-4.85449441815488
"V105A:K121R:E176Q",28,0,-6.25304379464515
"V105A:K121R:M178R",89,12,-4.18647617770616
"V105A:K121R:A179T",122,9,-5.01564920996945
"V105A:K121R:A179V",94,9,-4.64299031296116
"V105A:V123A:E176Q",71,6,-4.75763287890229
"V105A:V123A:M178R",300,16,-5.54121963502694
"V105A:V123A:A179T",277,20,-5.12168644946232
"V105A:V123A:A179V",351,18,-5.60656690471129
"V105A:V123F:E176Q",111,11,-4.61745522085403
"V105A:V123F:M178R",296,30,-4.65518560993147
"V105A:V123F:A179T",346,12,-6.13341493395475
"V105A:V123F:A179V",324,19,-5.41743061254603
"V105A:V123L:E176Q",79,5,-5.13202839368378
"V105A:V123L:M178R",295,17,-5.43459116370421
"V105A:V123L:A179T",317,8,-6.53802075335962
"V105A:V123L:A179V",327,9,-6.4306867092483
"V105A:T124A:E176Q",64,0,-7.41743061254603
"V105A:T124A:M178R",196,16,-4.92965177772361
"V105A:T124A:A179T",210,11,-5.53119948750361
"V105A:T124A:A179V",223,10,-5.74298610293789
"V105A:F129V:E176Q",47,0,-6.98002530023873
"V105A:F129V:M178R",177,22,-4.34723427442696
"V105A:F129V:A179T",192,18,-4.73959232334207
"V105A:F129V:A179V",210,6,-6.30880706616716
"V105A:K131R:M178R",50,9,-3.74556004660171
"V105A:K131R:A179T",40,0,-6.75261480413566
"V105A:K131R:A179V",31,0,-6.39506279951758
"V105A:E132D:M178R",49,9,-3.71699089440494
"V105A:E132D:A179T",38,12,-2.98002530023873
"V105A:E132D:A179V",42,5,-4.23636505349852
"V105A:L140A:M178R",51,0,-7.09550251765867
"V105A:L140A:A179T",44,0,-6.88691589584725
"V105A:L140A:A179V",46,0,-6.94965165119522
"V105A:E141S:M178R",23,0,-5.98002530023873
"V105A:E141S:A179V",20,0,-5.78738022229634
"V105A:V145A:M178R",124,0,-8.36084708417967
"V105A:V145A:A179T",66,0,-7.46115198997535
"V105A:V145A:A179V",93,0,-7.94965165119522
"V105A:D146N:M178R",69,15,-3.52434581646254
"V105A:D146N:A179V",35,7,-3.56498780095989
"V105A:M147H:M178R",40,0,-6.75261480413566
"V105A:E153Q:E176Q",27,0,-6.20241772157518
"V105A:E153Q:M178R",113,7,-5.22795281368232
"V105A:E153Q:A179T",66,0,-7.46115198997535
"V105A:E153Q:A179V",57,0,-7.25304379464515
"V105A:T156A:E176Q",240,0,-9.30795213574754
"V105A:T156A:M178R",1255,34,-6.56040053146424
"V105A:T156A:A179T",353,10,-6.40323673096328
"V105A:T156A:A179V",453,14,-6.31472069119997
"V105A:L168A:M178R",20,0,-5.78738022229634
"T106I:T118R:E176Q",52,47,-1.53802075335962
"T106I:T118R:M178R",168,208,-1.08858310371888
"T106I:T118R:A179T",209,142,-1.94943698040531
"T106I:T118R:A179V",271,143,-2.3126006393256
"T106I:K121H:M178R",38,41,-1.28814759560107
"T106I:K121H:A179T",44,25,-2.18647617770616
"T106I:K121H:A179V",22,23,-1.33366225485343
"T106I:K121R:E176Q",14,10,-1.8425217764888
"T106I:K121R:M178R",54,36,-1.96696914741329
"T106I:K121R:A179T",55,13,-3.39506279951758
"T106I:K121R:A179V",66,33,-2.37368914872501
"T106I:V123A:E176Q",53,0,-7.14995030168105
"T106I:V123A:M178R",155,10,-5.22103339974253
"T106I:V123A:A179T",185,9,-5.61229351573825
"T106I:V123A:A179V",200,10,-5.58668287205921
"T106I:V123F:E176Q",76,0,-7.66184934021248
"T106I:V123F:M178R",160,16,-4.63851683638186
"T106I:V123F:A179T",182,9,-5.58883454291426
"T106I:V123F:A179V",205,13,-5.27420840464319
"T106I:V123L:E176Q",33,5,-3.89756314004676
"T106I:V123L:M178R",141,35,-3.37488491757995
"T106I:V123L:A179T",130,20,-4.03616837827627
"T106I:V123L:A179V",158,25,-4.00750603666084
"T106I:T124A:E176Q",42,0,-6.82132755421968
"T106I:T124A:M178R",117,16,-4.19024300762908
"T106I:T124A:A179T",123,17,-4.17933410846214
"T106I:T124A:A179V",132,17,-4.28042023357646
"T106I:F129V:E176Q",60,21,-2.86636851844317
"T106I:F129V:M178R",178,113,-2.04598856261709
"T106I:F129V:A179T",169,78,-2.50067298747818
"T106I:F129V:A179V",204,89,-2.58268980269335
"T106I:K131R:M178R",35,44,-1.07313470463022
"T106I:K131R:A179T",22,40,-0.561072750956507
"T106I:K131R:A179V",32,27,-1.63210199681843
"T106I:E132D:M178R",20,35,-0.617455220854026
"T106I:E132D:A179T",23,16,-1.89256245898839
"T106I:E132D:A179V",21,22,-1.33093246209786
"T106I:N133G:M178R",9,14,-0.810100298796421
"T106I:N133G:A179T",13,12,-1.50197800343409
"T106I:L140A:M178R",22,0,-5.91862475557459
"T106I:L140A:A179T",25,0,-6.09550251765867
"T106I:V145A:M178R",55,0,-7.20241772157518
"T106I:V145A:A179T",31,0,-6.39506279951758
"T106I:V145A:A179V",32,0,-6.43945691887603
"T106I:D146N:M178R",40,53,-0.997727301972193
"T106I:D146N:A179T",15,10,-1.93563118088028
"T106I:D146N:A179V",11,24,-0.336169110464009
"T106I:E153Q:M178R",59,34,-2.17267037818113
"T106I:E153Q:A179T",29,10,-2.8425217764888
"T106I:E153Q:A179V",29,8,-3.13202839368378
"T106I:T156A:E176Q",109,8,-5.00649751159992
"T106I:T156A:M178R",544,22,-5.96161326312485
"T106I:T156A:A179T",128,11,-4.82132755421968
"T106I:T156A:A179V",154,8,-5.5012622033495
"T106V:T118R:E176Q",33,10,-3.02309402213062
"T106V:T118R:M178R",124,58,-2.47820403481782
"T106V:T118R:A179T",182,58,-3.02811958843978
"T106V:T118R:A179V",163,46,-3.19802595245802
"T106V:K121R:M178R",51,0,-7.09550251765867
"T106V:K121R:A179T",27,0,-6.20241772157518
"T106V:K121R:A179V",41,0,-6.78738022229634
"T106V:V123A:E176Q",33,0,-6.48252564076792
"T106V:V123A:M178R",72,0,-7.5848873583976
"T106V:V123A:A179T",106,5,-5.55156728519757
"T106V:V123A:A179V",95,5,-5.39506279951758
"T106V:V123F:E176Q",28,0,-6.25304379464515
"T106V:V123F:M178R",76,0,-7.66184934021248
"T106V:V123F:A179T",79,0,-7.71699089440494
"T106V:V123F:A179V",92,6,-5.126866688568
"T106V:V123L:M178R",43,0,-6.85449441815488
"T106V:V123L:A179T",52,6,-4.31562833202317
"T106V:V123L:A179V",47,0,-6.98002530023873
"T106V:T124A:E176Q",21,0,-5.85449441815488
"T106V:T124A:M178R",30,0,-6.34925910990445
"T106V:T124A:A179T",35,0,-6.56498780095989
"T106V:T124A:A179V",50,0,-7.06748814148907
"T106V:F129V:M178R",53,5,-4.56498780095989
"T106V:F129V:A179T",55,15,-3.20241772157518
"T106V:F129V:A179V",54,6,-4.36906759098463
"T106V:E153Q:M178R",25,0,-6.09550251765867
"T106V:T156A:E176Q",53,0,-7.14995030168105
"T106V:T156A:M178R",229,0,-9.24055285046195
"T106V:T156A:A179T",49,0,-7.0389189892923
"T106V:T156A:A179V",59,0,-7.3019533951261
"I111E:T118R:M178R",31,6,-3.58770787745997
"I111E:T118R:A179T",45,7,-3.91862475557459
"I111E:T118R:A179V",46,8,-3.7797266497529
"I111E:V123A:E176Q",69,0,-7.52434581646254
"I111E:V123A:M178R",246,16,-5.25596718985192
"I111E:V123A:A179T",252,19,-5.05612827932453
"I111E:V123A:A179V",281,6,-6.72725922985877
"I111E:V123F:E176Q",58,7,-4.27770584887942
"I111E:V123F:M178R",179,5,-6.3019533951261
"I111E:V123F:A179T",212,7,-6.12977241974342
"I111E:V123F:A179V",235,12,-5.57726613073833
"I111E:V123L:E176Q",55,0,-7.20241772157518
"I111E:V123L:M178R",170,19,-4.49098721951611
"I111E:V123L:A179T",185,18,-4.68629409718202
"I111E:V123L:A179V",234,24,-4.62772355630785
"I111E:T124A:K170M",22,0,-5.91862475557459
"I111E:T124A:L171F",41,0,-6.78738022229634
"I111E:T124A:E176Q",520,33,-5.33273952054575
"I111E:T124A:M178R",1564,151,-4.75908222789397
"I111E:T124A:A179T",1851,126,-5.26124649600565
"I111E:T124A:A179V",1981,147,-5.13835068107512
"I111E:V126A:E176Q",37,0,-6.64299031296116
"I111E:V126A:M178R",106,14,-4.22963919031021
"I111E:V126A:A179T",125,13,-4.56498780095989
"I111E:V126A:A179V",116,10,-4.80599590046369
"I111E:R128E:A179T",21,0,-5.85449441815488
"I111E:F129V:E176Q",270,17,-5.30728683942914
"I111E:F129V:M178R",871,70,-5.01350000478982
"I111E:F129V:A179T",902,57,-5.35566398187086
"I111E:F129V:A179V",971,44,-5.82802220679368
"I111E:K131R:M178R",63,28,-2.53708180439001
"I111E:K131R:A179T",68,6,-4.69623233423814
"I111E:K131R:A179V",90,8,-4.73293243827396
"I111E:E132D:M178R",56,15,-3.22795281368232
"I111E:E132D:A179T",67,7,-4.48252564076792
"I111E:E132D:A179V",52,5,-4.53802075335962
"I111E:N133G:M178R",22,0,-5.91862475557459
"I111E:N133G:A179T",37,0,-6.64299031296116
"I111E:N133G:A179V",22,0,-5.91862475557459
"I111E:L140A:M178R",29,0,-6.3019533951261
"I111E:L140A:A179T",57,0,-7.25304379464515
"I111E:L140A:A179V",52,0,-7.12298325408078
"I111E:E141S:A179V",21,0,-5.85449441815488
"I111E:V145A:M178R",49,0,-7.0389189892923
"I111E:V145A:A179T",28,0,-6.25304379464515
"I111E:V145A:A179V",42,0,-6.82132755421968
"I111E:D146N:M178R",57,10,-3.79361217600785
"I111E:D146N:A179V",25,0,-6.09550251765867
"I111E:E153Q:E176Q",21,0,-5.85449441815488
"I111E:E153Q:M178R",66,5,-4.87618948925419
"I111E:E153Q:A179T",40,0,-6.75261480413566
"I111E:E153Q:A179V",53,0,-7.14995030168105
"I111E:T156A:E176Q",150,7,-5.63346753884266
"I111E:T156A:M178R",726,11,-7.31591185271602
"I111E:T156A:A179T",174,5,-6.26131141062875
"I111E:T156A:A179V",175,7,-5.85449441815488
"I111M:T118R:E176Q",23,0,-5.98002530023873
"I111M:T118R:M178R",42,6,-4.01397263216207
"I111M:T118R:A179T",44,6,-4.07956097378965
"I111M:T118R:A179V",61,11,-3.7642966091833
"I111M:K121H:A179V",26,0,-6.14995030168105
"I111M:V123A:E176Q",94,13,-4.15756348579092
"I111M:V123A:M178R",381,43,-4.51306000891603
"I111M:V123A:A179T",417,43,-4.64299031296116
"I111M:V123A:A179V",420,36,-4.90328585695502
"I111M:V123F:E176Q",127,6,-5.58770787745997
"I111M:V123F:M178R",314,30,-4.74007450751798
"I111M:V123F:A179T",419,28,-5.25132732205613
"I111M:V123F:A179V",338,21,-5.34077264401662
"I111M:V123L:E176Q",68,0,-7.50358725629575
"I111M:V123L:M178R",244,12,-5.63126102037906
"I111M:V123L:A179T",257,9,-6.08436196005347
"I111M:V123L:A179V",246,8,-6.17350502965994
"I111M:T124A:K170M",31,0,-6.39506279951758
"I111M:T124A:L171F",47,0,-6.98002530023873
"I111M:T124A:E176Q",649,43,-5.2799270887961
"I111M:T124A:M178R",1990,159,-5.03241221035072
"I111M:T124A:A179T",2208,153,-5.23745396217795
"I111M:T124A:A179V",2391,136,-5.52103239075516
"I111M:V126A:E176Q",48,0,-7.00977264363279
"I111M:V126A:M178R",123,13,-4.54190418784685
"I111M:V126A:A179T",142,5,-5.96997163557481
"I111M:V126A:A179V",173,9,-5.51607820047894
"I111M:F129V:K170M",20,0,-5.78738022229634
"I111M:F129V:L171F",43,0,-6.85449441815488
"I111M:F129V:E176Q",325,21,-5.28435933511136
"I111M:F129V:M178R",1095,95,-4.90813238175695
"I111M:F129V:A179T",1196,69,-5.49098721951611
"I111M:F129V:A179V",1170,81,-5.23103615540071
"I111M:K131R:E176Q",22,5,-3.33366225485343
"I111M:K131R:M178R",89,17,-3.71699089440494
"I111M:K131R:A179T",76,10,-4.20241772157518
"I111M:K131R:A179V",68,14,-3.59669666068723
"I111M:E132D:M178R",59,8,-4.13202839368378
"I111M:E132D:A179T",61,12,-3.64881939176336
"I111M:E132D:A179V",66,0,-7.46115198997535
"I111M:N133G:M178R",16,8,-2.3126006393256
"I111M:N133G:A179T",22,0,-5.91862475557459
"I111M:N133G:A179V",21,7,-2.85449441815488
"I111M:L140A:M178R",54,0,-7.17642251304224
"I111M:L140A:A179T",45,0,-6.91862475557459
"I111M:L140A:A179V",47,0,-6.98002530023873
"I111M:E141S:M178R",20,0,-5.78738022229634
"I111M:E141S:A179T",29,0,-6.3019533951261
"I111M:E141S:A179V",45,0,-6.91862475557459
"I111M:V145A:E176Q",27,0,-6.20241772157518
"I111M:V145A:M178R",120,0,-8.31392603679217
"I111M:V145A:A179T",63,0,-7.39506279951758
"I111M:V145A:A179V",77,0,-7.68046501837983
"I111M:D146N:M178R",75,12,-3.94255059482007
"I111M:D146N:A179V",42,0,-6.82132755421968
"I111M:M147H:M178R",42,0,-6.82132755421968
"I111M:M147H:A179T",20,0,-5.78738022229634
"I111M:E153Q:E176Q",31,0,-6.39506279951758
"I111M:E153Q:M178R",115,14,-4.34615319903663
"I111M:E153Q:A179T",58,0,-7.27770584887942
"I111M:E153Q:A179V",67,0,-7.48252564076792
"I111M:T156A:L171F",21,0,-5.85449441815488
"I111M:T156A:E176Q",219,0,-9.17642251304224
"I111M:T156A:M178R",1219,13,-7.84037330991022
"I111M:T156A:A179T",341,6,-7.00556039234587
"I111M:T156A:A179V",345,10,-6.370259408517
"T118R:V123F:A179T",17,5,-2.98002530023873
"T118R:V123F:A179V",13,9,-1.88048962668782
"T118R:V123L:M178R",8,16,-0.47752495970955
"T118R:T124A:M178R",16,6,-2.67517071871031
"T118R:F129V:E176Q",23,63,0.019974699761266
"T118R:F129V:M178R",67,408,1.19343139217383
"T118R:F129V:A179T",74,293,0.575790854822906
"T118R:F129V:A179V",72,225,0.235291604017593
"T118R:K131R:E176Q",128,600,0.824931125770353
"T118R:K131R:M178R",348,2537,1.46733032811388
"T118R:K131R:A179T",401,1932,0.870511431514729
"T118R:K131R:A179V",372,1922,0.971048427567082
"T118R:E132D:E176Q",87,411,0.832006109028343
"T118R:E132D:M178R",271,1759,1.29883407275674
"T118R:E132D:A179T",297,1513,0.949918170005992
"T118R:E132D:A179V",321,1495,0.820914782255442
"T118R:N133G:E176Q",40,177,0.723118626830736
"T118R:N133G:M178R",117,1053,1.7639533027578
"T118R:N133G:A179T",137,776,1.09818353211196
"T118R:N133G:A179V",176,706,0.602898055208824
"T118R:R134K:E176Q",8,28,0.292993194167682
"T118R:R134K:M178R",18,96,0.956922529225965
"T118R:R134K:A179T",12,109,1.68585719586599
"T118R:R134K:A179V",20,78,0.516400525880765
"T118R:L140A:E176Q",17,6,-2.75763287890229
"T118R:L140A:M178R",52,46,-1.56839440240314
"T118R:L140A:A179T",61,39,-2.02733101501709
"T118R:L140A:A179V",63,39,-2.07313470463022
"T118R:E141S:A179V",20,8,-2.61745522085403
"T118R:V145A:M178R",77,27,-2.87311009632222
"T118R:V145A:A179T",36,19,-2.28258807025917
"T118R:V145A:A179V",50,19,-2.74556004660171
"T118R:D146N:E176Q",10,37,0.39343309528871
"T118R:D146N:M178R",53,571,2.00992103509734
"T118R:D146N:A179T",7,93,2.15952605216006
"T118R:D146N:A179V",18,186,1.90390414692647
"T118R:M147H:M178R",24,27,-1.2315640672347
"T118R:M147H:A179T",14,21,-0.842521776488799
"T118R:E153Q:E176Q",14,20,-0.909635972347336
"T118R:E153Q:M178R",60,366,1.19383611576275
"T118R:E153Q:A179T",32,44,-0.947603822546356
"T118R:E153Q:A179V",29,56,-0.469063380961355
"T118R:T156A:E176Q",115,29,-3.34615319903663
"T118R:T156A:M178R",748,252,-2.96089113328202
"T118R:T156A:A179T",174,43,-3.38684229271261
"T118R:T156A:A179V",189,34,-3.83563539090356
"T118R:L171F:A179T",15,7,-2.39506279951758
"K121R:R134K:A179V",15,33,-0.307599958267238
"K121R:L140A:M178R",30,14,-2.44236851429593
"K121R:L140A:A179T",29,5,-3.71699089440494
"K121R:L140A:A179V",33,20,-2.09020821798916
"K121R:E153Q:M178R",8,19,-0.243059706072528
"K121R:T156A:M178R",34,6,-3.71699089440494
"V123A:L140A:M178R",57,11,-3.66808129392399
"V123A:L140A:A179T",67,0,-7.48252564076792
"V123A:L140A:A179V",58,7,-4.27770584887942
"V123A:T156A:E176Q",21,0,-5.85449441815488
"V123A:T156A:M178R",99,0,-8.0389189892923
"V123A:T156A:A179T",30,0,-6.34925910990445
"V123A:T156A:A179V",32,0,-6.43945691887603
"V123F:L140A:M178R",45,5,-4.33366225485343
"V123F:L140A:A179T",51,0,-7.09550251765867
"V123F:L140A:A179V",44,0,-6.88691589584725
"V123F:V145A:A179V",42,0,-6.82132755421968
"V123F:T156A:E176Q",23,0,-5.98002530023873
"V123F:T156A:M178R",124,0,-8.36084708417967
"V123F:T156A:A179V",21,0,-5.85449441815488
"V123L:L140A:M178R",48,6,-4.20241772157518
"V123L:L140A:A179T",53,10,-3.69051868304375
"V123L:L140A:A179V",45,0,-6.91862475557459
"V123L:T156A:M178R",70,0,-7.54480991902226
"V123L:T156A:A179T",21,0,-5.85449441815488
"T124A:L140A:E176Q",28,0,-6.25304379464515
"T124A:L140A:M178R",91,9,-4.59669666068723
"T124A:L140A:A179T",90,0,-7.90285743971627
"T124A:L140A:A179V",113,0,-8.22795281368232
"T124A:E141S:M178R",46,0,-6.94965165119522
"T124A:E141S:A179T",43,0,-6.85449441815488
"T124A:E141S:A179V",58,5,-4.69274334815826
"T124A:V145A:M178R",48,0,-7.00977264363279
"T124A:V145A:A179T",26,0,-6.14995030168105
"T124A:V145A:A179V",27,0,-6.20241772157518
"T124A:D146N:M178R",21,0,-5.85449441815488
"T124A:E153Q:M178R",21,0,-5.85449441815488
"T124A:T156A:E176Q",47,0,-6.98002530023873
"T124A:T156A:M178R",229,6,-6.43319792840435
"T124A:T156A:A179T",55,0,-7.20241772157518
"T124A:T156A:A179V",52,0,-7.12298325408078
"F129V:V145A:M178R",35,9,-3.24305970607253
"F129V:V145A:A179T",23,0,-5.98002530023873
"F129V:V145A:A179V",26,7,-3.14995030168105
"F129V:D146N:M178R",11,56,0.852864713926008
"F129V:D146N:A179T",9,20,-0.32467347162618
"F129V:D146N:A179V",11,40,0.37752670437935
"F129V:E153Q:M178R",10,38,0.430907800707373
"F129V:T156A:M178R",101,16,-3.98002530023873
"F129V:T156A:A179T",23,0,-5.98002530023873
"F129V:T156A:A179V",26,5,-3.56498780095989
"K131R:V145A:E176Q",13,13,-1.39506279951758
"K131R:V145A:M178R",92,25,-3.23378189248452
"K131R:V145A:A179T",49,6,-4.2315640672347
"K131R:V145A:A179V",55,10,-3.74298610293789
"K131R:D146N:E176Q",5,26,0.774862201924735
"K131R:D146N:M178R",33,243,1.44821169679497
"K131R:D146N:A179T",16,73,0.726927724861033
"K131R:D146N:A179V",19,168,1.68388854187724
"K131R:M147H:M178R",17,7,-2.56498780095989
"K131R:E153Q:M178R",32,81,-0.0819049142579474
"K131R:E153Q:A179T",19,28,-0.859009899277368
"K131R:E153Q:A179V",17,30,-0.610791490573015
"K131R:T156A:E176Q",31,0,-6.39506279951758
"K131R:T156A:M178R",137,20,-4.11126983351699
"K131R:T156A:A179T",40,0,-6.75261480413566
"K131R:T156A:A179V",40,5,-4.16765230341451
"E132D:V145A:E176Q",36,9,-3.28258807025917
"E132D:V145A:M178R",240,84,-2.89856119960984
"E132D:V145A:A179T",166,25,-4.07832737385054
"E132D:V145A:A179V",204,27,-4.26718797696542
"E132D:D146N:M178R",16,86,0.960417855080811
"E132D:D146N:A179T",5,26,0.774862201924735
"E132D:D146N:A179V",11,38,0.305376918623514
"E132D:E153Q:M178R",17,26,-0.810100298796421
"E132D:T156A:M178R",82,0,-7.7701022308645
"E132D:T156A:A179T",20,6,-2.98002530023873
"E132D:T156A:A179V",22,0,-5.91862475557459
"N133G:D146N:E176Q",64,234,0.459086334018967
"N133G:D146N:M178R",301,1670,1.07302847921853
"N133G:D146N:A179T",213,910,0.694777457883326
"N133G:D146N:A179V",241,948,0.576338240228937
"N133G:E153Q:M178R",31,98,0.234293820562032
"N133G:E153Q:A179T",11,46,0.574563551438904
"N133G:E153Q:A179V",19,33,-0.629528053154601
"N133G:T156A:E176Q",39,5,-4.13202839368378
"N133G:T156A:M178R",249,29,-4.45395648857115
"N133G:T156A:A179T",93,9,-4.62772355630785
"N133G:T156A:A179V",115,11,-4.66808129392399
"R134K:M147H:M178R",18,7,-2.64299031296116
"R134K:T156A:M178R",23,7,-2.98002530023873
"W136H:E153Q:M178R",13,28,-0.34443672644761
"W136H:E153Q:A179T",16,14,-1.5756350451594
"W136H:T156A:A179T",24,0,-6.0389189892923
"L140A:E153Q:E176Q",63,10,-3.93563118088028
"L140A:E153Q:M178R",193,21,-4.53554402306741
"L140A:E153Q:A179T",155,26,-3.92557751621636
"L140A:E153Q:A179V",124,23,-3.77588458345851
"L140A:T156A:E176Q",68,7,-4.50358725629575
"L140A:T156A:M178R",334,25,-5.08264036672162
"L140A:T156A:A179T",127,16,-4.30759995826724
"L140A:T156A:A179V",156,8,-5.51975854696689
"E141S:E153Q:E176Q",21,0,-5.85449441815488
"E141S:E153Q:M178R",51,6,-4.28814759560107
"E141S:E153Q:A179T",42,0,-6.82132755421968
"E141S:E153Q:A179V",52,0,-7.12298325408078
"E141S:T156A:E176Q",38,0,-6.68046501837983
"E141S:T156A:M178R",217,20,-4.77092970151574
"E141S:T156A:A179T",73,0,-7.60451616514653
"E141S:T156A:A179V",105,0,-8.12298325408078
"V145A:T156A:M178R",47,0,-6.98002530023873
"D146N:T156A:M178R",29,0,-6.3019533951261
"D97E:R104H:T118R:M178R",17,8,-2.39506279951758
"D97E:I111E:T118R:A179V",31,0,-6.39506279951758
"D97E:I111E:V123A:E176Q",47,0,-6.98002530023873
"D97E:I111E:V123A:M178R",184,9,-5.60451616514653
"D97E:I111E:V123A:A179T",180,8,-5.72498368515847
"D97E:I111E:V123A:A179V",168,18,-4.54801472235618
"D97E:I111E:V123F:E176Q",32,0,-6.43945691887603
"D97E:I111E:V123F:M178R",85,0,-7.82132755421968
"D97E:I111E:V123F:A179T",99,0,-8.0389189892923
"D97E:I111E:V123F:A179V",106,0,-8.13652978591873
"D97E:I111E:V123L:E176Q",24,0,-6.0389189892923
"D97E:I111E:V123L:M178R",66,10,-4.00172037133805
"D97E:I111E:V123L:A179T",64,10,-3.95799899390874
"D97E:I111E:V123L:A179V",67,9,-4.16059754588056
"D97E:I111E:T124A:E176Q",148,20,-4.22191389720098
"D97E:I111E:T124A:M178R",441,52,-4.45504490434581
"D97E:I111E:T124A:A179T",553,41,-5.11648754278801
"D97E:I111E:T124A:A179V",563,53,-4.7797266497529
"D97E:I111E:V126A:M178R",61,6,-4.54190418784685
"D97E:I111E:V126A:A179T",58,0,-7.27770584887942
"D97E:I111E:V126A:A179V",64,0,-7.41743061254603
"D97E:I111E:F129V:E176Q",90,6,-5.09550251765867
"D97E:I111E:F129V:M178R",366,41,-4.52238162958203
"D97E:I111E:F129V:A179T",395,21,-5.56498780095989
"D97E:I111E:F129V:A179V",431,20,-5.75763287890229
"D97E:I111E:K131R:M178R",23,5,-3.39506279951758
"D97E:I111E:K131R:A179T",32,0,-6.43945691887603
"D97E:I111E:K131R:A179V",30,0,-6.34925910990445
"D97E:I111E:E132D:M178R",30,5,-3.7642966091833
"D97E:I111E:E132D:A179T",38,0,-6.68046501837983
"D97E:I111E:E132D:A179V",41,0,-6.78738022229634
"D97E:I111E:L140A:M178R",28,0,-6.25304379464515
"D97E:I111E:L140A:A179T",25,0,-6.09550251765867
"D97E:I111E:L140A:A179V",26,0,-6.14995030168105
"D97E:I111E:V145A:M178R",44,0,-6.88691589584725
"D97E:I111E:V145A:A179T",26,0,-6.14995030168105
"D97E:I111E:V145A:A179V",24,0,-6.0389189892923
"D97E:I111E:D146N:M178R",50,5,-4.48252564076792
"D97E:I111E:D146N:A179V",25,0,-6.09550251765867
"D97E:I111E:M147H:M178R",25,0,-6.09550251765867
"D97E:I111E:E153Q:M178R",73,0,-7.60451616514653
"D97E:I111E:E153Q:A179T",45,0,-6.91862475557459
"D97E:I111E:E153Q:A179V",45,0,-6.91862475557459
"D97E:I111E:T156A:E176Q",96,0,-7.9949756417047
"D97E:I111E:T156A:M178R",522,9,-7.10380184087716
"D97E:I111E:T156A:A179T",136,0,-8.4930948824781
"D97E:I111E:T156A:A179V",177,0,-8.87079623048398
"D97E:I111M:T118R:M178R",21,0,-5.85449441815488
"D97E:I111M:T118R:A179T",20,5,-3.20241772157518
"D97E:I111M:T118R:A179V",21,6,-3.04713949609727
"D97E:I111M:V123A:E176Q",34,0,-6.52434581646254
"D97E:I111M:V123A:M178R",102,13,-4.27420840464319
"D97E:I111M:V123A:A179T",132,15,-4.45034523501877
"D97E:I111M:V123A:A179V",135,12,-4.78208592262683
"D97E:I111M:V123F:E176Q",56,0,-7.22795281368232
"D97E:I111M:V123F:M178R",139,9,-5.20241772157518
"D97E:I111M:V123F:A179T",212,6,-6.32241749768581
"D97E:I111M:V123F:A179V",152,6,-5.84509572015263
"D97E:I111M:V123L:E176Q",28,0,-6.25304379464515
"D97E:I111M:V123L:M178R",93,0,-7.94965165119522
"D97E:I111M:V123L:A179T",95,0,-7.98002530023873
"D97E:I111M:V123L:A179V",105,6,-5.31562833202317
"D97E:I111M:T124A:E176Q",270,29,-4.57032124526293
"D97E:I111M:T124A:M178R",691,68,-4.72116657037613
"D97E:I111M:T124A:A179T",797,62,-5.05802781224001
"D97E:I111M:T124A:A179V",819,54,-5.29318318549836
"D97E:I111M:V126A:M178R",45,0,-6.91862475557459
"D97E:I111M:V126A:A179T",35,0,-6.56498780095989
"D97E:I111M:V126A:A179V",56,0,-7.22795281368232
"D97E:I111M:F129V:E176Q",101,6,-5.26013321943147
"D97E:I111M:F129V:M178R",315,32,-4.65444942833623
"D97E:I111M:F129V:A179T",333,37,-4.53083957854804
"D97E:I111M:F129V:A179V",381,27,-5.16513670549572
"D97E:I111M:K131R:M178R",44,7,-3.88691589584725
"D97E:I111M:K131R:A179T",36,0,-6.60451616514653
"D97E:I111M:K131R:A179V",27,0,-6.20241772157518
"D97E:I111M:E132D:M178R",35,0,-6.56498780095989
"D97E:I111M:E132D:A179T",26,5,-3.56498780095989
"D97E:I111M:E132D:A179V",37,0,-6.64299031296116
"D97E:I111M:L140A:M178R",31,0,-6.39506279951758
"D97E:I111M:L140A:A179T",38,0,-6.68046501837983
"D97E:I111M:L140A:A179V",28,0,-6.25304379464515
"D97E:I111M:E141S:A179V",21,0,-5.85449441815488
"D97E:I111M:V145A:M178R",69,0,-7.52434581646254
"D97E:I111M:V145A:A179T",27,0,-6.20241772157518
"D97E:I111M:V145A:A179V",23,0,-5.98002530023873
"D97E:I111M:D146N:M178R",37,8,-3.47306531151885
"D97E:I111M:D146N:A179T",17,5,-2.98002530023873
"D97E:I111M:M147H:M178R",20,0,-5.78738022229634
"D97E:I111M:E153Q:M178R",63,18,-3.14713528607399
"D97E:I111M:E153Q:A179T",23,0,-5.98002530023873
"D97E:I111M:E153Q:A179V",34,0,-6.52434581646254
"D97E:I111M:T156A:E176Q",112,0,-8.21524176193276
"D97E:I111M:T156A:M178R",720,9,-7.56699015387104
"D97E:I111M:T156A:A179T",172,7,-5.8296910271543
"D97E:I111M:T156A:A179V",188,8,-5.78738022229634
"D97E:T118R:K131R:M178R",25,0,-6.09550251765867
"D97E:T118R:K131R:A179T",25,0,-6.09550251765867
"D97E:T118R:E132D:M178R",27,7,-3.20241772157518
"D97E:T118R:E132D:A179T",20,0,-5.78738022229634
"D97E:T118R:E132D:A179V",22,5,-3.33366225485343
"D97E:T118R:N133G:A179V",23,0,-5.98002530023873
"D97E:T118R:E153Q:M178R",30,0,-6.34925910990445
"D97E:T118R:E153Q:A179V",20,0,-5.78738022229634
"D97E:T118R:T156A:E176Q",40,0,-6.75261480413566
"D97E:T118R:T156A:M178R",197,7,-6.02441941959719
"D97E:T118R:T156A:A179T",46,0,-6.94965165119522
"D97E:T118R:T156A:A179V",55,0,-7.20241772157518
"D97E:V123F:L140A:A179T",17,5,-2.98002530023873
"D97E:E132D:V145A:M178R",24,0,-6.0389189892923
"D97E:N133G:D146N:M178R",24,7,-3.0389189892923
"D97E:L140A:E153Q:M178R",34,0,-6.52434581646254
"D97E:L140A:E153Q:A179T",41,0,-6.78738022229634
"D97E:L140A:E153Q:A179V",31,0,-6.39506279951758
"D97E:L140A:T156A:M178R",77,0,-7.68046501837983
"D97E:L140A:T156A:A179T",26,0,-6.14995030168105
"D97E:L140A:T156A:A179V",25,0,-6.09550251765867
"D97E:E141S:T156A:M178R",51,0,-7.09550251765867
"I98M:I111E:V123F:M178R",17,5,-2.98002530023873
"I98M:I111E:V123F:A179T",23,0,-5.98002530023873
"I98M:I111E:V123F:A179V",26,0,-6.14995030168105
"I98M:I111E:V123L:A179T",24,0,-6.0389189892923
"I98M:I111E:V123L:A179V",22,0,-5.91862475557459
"I98M:I111E:T124A:E176Q",42,0,-6.82132755421968
"I98M:I111E:T124A:M178R",129,10,-4.95799899390873
"I98M:I111E:T124A:A179T",132,12,-4.74990551687768
"I98M:I111E:T124A:A179V",157,9,-5.37691545280732
"I98M:I111E:F129V:M178R",98,0,-8.02441941959719
"I98M:I111E:F129V:A179T",87,0,-7.85449441815488
"I98M:I111E:F129V:A179V",80,0,-7.7349128024022
"I98M:I111E:T156A:E176Q",28,0,-6.25304379464515
"I98M:I111E:T156A:M178R",130,0,-8.42848580105503
"I98M:I111E:T156A:A179T",36,0,-6.60451616514653
"I98M:I111E:T156A:A179V",37,0,-6.64299031296116
"I98M:I111M:V123A:M178R",25,6,-3.28814759560107
"I98M:I111M:V123A:A179T",31,0,-6.39506279951758
"I98M:I111M:V123A:A179V",29,0,-6.3019533951261
"I98M:I111M:V123F:M178R",33,0,-6.48252564076792
"I98M:I111M:V123F:A179T",31,0,-6.39506279951758
"I98M:I111M:V123F:A179V",33,0,-6.48252564076792
"I98M:I111M:V123L:M178R",29,10,-2.8425217764888
"I98M:I111M:V123L:A179T",40,0,-6.75261480413566
"I98M:I111M:V123L:A179V",33,9,-3.16059754588056
"I98M:I111M:T124A:E176Q",82,6,-4.9627473088069
"I98M:I111M:T124A:M178R",250,13,-5.55925143141075
"I98M:I111M:T124A:A179T",234,17,-5.10165474464027
"I98M:I111M:T124A:A179V",282,14,-5.63283044674094
"I98M:I111M:F129V:E176Q",33,6,-3.67517071871031
"I98M:I111M:F129V:M178R",88,12,-4.17035651234288
"I98M:I111M:F129V:A179T",114,0,-8.24055285046195
"I98M:I111M:F129V:A179V",91,7,-4.91862475557459
"I98M:I111M:T156A:E176Q",22,0,-5.91862475557459
"I98M:I111M:T156A:M178R",154,0,-8.67118720479182
"I98M:I111M:T156A:A179T",52,0,-7.12298325408078
"I98M:I111M:T156A:A179V",42,0,-6.82132755421968
"I98M:T118R:K131R:M178R",17,21,-1.10555618232259
"I98M:T118R:K131R:A179T",19,14,-1.81010029879642
"I98M:T118R:K131R:A179V",27,20,-1.81010029879642
"I98M:T118R:E132D:A179T",16,5,-2.89756314004676
"I98M:T118R:R134K:M178R",8,45,0.958574155097123
"I98M:T118R:R134K:A179T",7,16,-0.307599958267238
"D100N:I111E:T124A:E176Q",22,0,-5.91862475557459
"D100N:I111E:T124A:M178R",41,10,-3.32794860365904
"D100N:I111E:T124A:A179T",47,5,-4.39506279951758
"D100N:I111E:T124A:A179V",55,8,-4.03249272013287
"D100N:I111E:F129V:M178R",27,0,-6.20241772157518
"D100N:I111E:F129V:A179T",39,0,-6.71699089440494
"D100N:I111E:F129V:A179V",38,0,-6.68046501837983
"D100N:I111E:T156A:M178R",61,0,-7.34925910990445
"D100N:I111M:T124A:M178R",81,19,-3.4306867092483
"D100N:I111M:T124A:A179T",81,6,-4.94525988207806
"D100N:I111M:T124A:A179V",97,7,-5.00977264363279
"D100N:I111M:F129V:M178R",55,0,-7.20241772157518
"D100N:I111M:F129V:A179T",58,0,-7.27770584887942
"D100N:I111M:F129V:A179V",64,0,-7.41743061254603
"D100N:I111M:T156A:M178R",51,0,-7.09550251765867
"D100N:T118R:F129V:M178R",5,19,0.341902794648628
"D100N:T118R:F129V:A179T",11,9,-1.65809720535137
"D100N:T118R:F129V:A179V",11,10,-1.52059368160144
"D100N:T118R:K131R:E176Q",9,13,-0.909635972347336
"D100N:T118R:K131R:M178R",33,39,-1.16059754588055
"D100N:T118R:K131R:A179T",21,21,-1.39506279951758
"D100N:T118R:K131R:A179V",33,23,-1.89756314004676
"D100N:T118R:E132D:E176Q",35,61,-0.610791490573015
"D100N:T118R:E132D:M178R",141,304,-0.292144486572012
"D100N:T118R:E132D:A179T",129,207,-0.71699089440494
"D100N:T118R:E132D:A179V",117,196,-0.655654029423043
"D100N:T118R:D146N:M178R",10,21,-0.395062799517578
"D100N:T118R:E153Q:M178R",16,16,-1.39506279951758
"D100N:T118R:T156A:E176Q",29,0,-6.3019533951261
"D100N:T118R:T156A:M178R",186,9,-5.62002916451785
"D100N:T118R:T156A:A179T",41,0,-6.78738022229634
"D100N:T118R:T156A:A179V",60,0,-7.32580013708046
"D100N:V123A:L140A:M178R",22,0,-5.91862475557459
"D100N:V123A:L140A:A179V",32,0,-6.43945691887603
"D100N:V123A:T156A:M178R",23,0,-5.98002530023873
"D100N:T124A:L140A:A179T",25,0,-6.09550251765867
"D100N:T124A:T156A:M178R",25,0,-6.09550251765867
"D100N:K131R:T156A:M178R",24,0,-6.0389189892923
"D100N:E132D:V145A:M178R",36,0,-6.60451616514653
"D100N:E132D:V145A:A179T",27,0,-6.20241772157518
"D100N:E132D:V145A:A179V",20,0,-5.78738022229634
"D100N:E132D:M147H:M178R",22,0,-5.91862475557459
"D100N:N133G:D146N:M178R",26,16,-2.06248746043071
"D100N:N133G:D146N:A179V",20,0,-5.78738022229634
"D100N:L140A:E153Q:M178R",44,7,-3.88691589584725
"D100N:L140A:E153Q:A179T",53,0,-7.14995030168105
"D100N:L140A:E153Q:A179V",56,0,-7.22795281368232
"D100N:L140A:T156A:E176Q",20,0,-5.78738022229634
"D100N:L140A:T156A:M178R",101,7,-5.06748814148907
"D100N:L140A:T156A:A179T",35,0,-6.56498780095989
"D100N:L140A:T156A:A179V",20,0,-5.78738022229634
"D100N:E141S:T156A:M178R",51,0,-7.09550251765867
"E102D:I111M:T124A:A179T",20,0,-5.78738022229634
"E102D:I111M:T124A:A179V",27,0,-6.20241772157518
"E102D:I111M:T156A:M178R",25,0,-6.09550251765867
"E102D:T118R:F129V:M178R",20,113,1.0455097918684
"E102D:T118R:F129V:A179T",16,93,1.07206321090972
"E102D:T118R:F129V:A179V",19,62,0.260289029094976
"E102D:T118R:K131R:E176Q",6,116,2.66794699800822
"E102D:T118R:K131R:M178R",51,439,1.68585719586599
"E102D:T118R:K131R:A179T",44,320,1.43951359127505
"E102D:T118R:K131R:A179V",62,307,0.894443817677407
"E102D:T118R:E132D:E176Q",22,118,0.976193007733353
"E102D:T118R:E132D:M178R",94,496,0.99218363371376
"E102D:T118R:E132D:A179T",94,434,0.799953182887565
"E102D:T118R:E132D:A179V",118,399,0.353975626949203
"E102D:T118R:N133G:A179T",12,80,1.24434748522595
"E102D:T118R:N133G:A179V",27,53,-0.447530219411713
"E102D:T118R:R134K:M178R",14,23,-0.71699089440494
"E102D:T118R:R134K:A179T",18,15,-1.64299031296116
"E102D:T118R:R134K:A179V",10,12,-1.15405470001378
"E102D:T118R:L140A:M178R",24,10,-2.57948737065501
"E102D:T118R:L140A:A179V",15,8,-2.22513779807527
"E102D:T118R:V145A:M178R",35,18,-2.3170602875163
"E102D:T118R:V145A:A179V",22,11,-2.33366225485343
"E102D:T118R:D146N:M178R",25,194,1.51182779609094
"E102D:T118R:D146N:A179T",9,46,0.837597957272697
"E102D:T118R:D146N:A179V",5,71,2.18989970120358
"E102D:T118R:M147H:M178R",10,10,-1.39506279951758
"E102D:T118R:E153Q:M178R",35,153,0.701798739735011
"E102D:T118R:E153Q:A179T",14,23,-0.71699089440494
"E102D:T118R:E153Q:A179V",17,31,-0.56498780095989
"E102D:T118R:T156A:E176Q",64,15,-3.41743061254603
"E102D:T118R:T156A:M178R",326,74,-3.51939093451978
"E102D:T118R:T156A:A179T",65,13,-3.63210199681843
"E102D:T118R:T156A:A179V",89,18,-3.63898838240367
"E102D:K121R:R134K:M178R",9,25,-0.0165511762638481
"E102D:K121R:R134K:A179T",11,13,-1.17267037818113
"E102D:K121R:R134K:A179V",17,14,-1.65809720535137
"E102D:V123A:L140A:M178R",56,6,-4.42059789162472
"E102D:V123A:L140A:A179T",85,0,-7.82132755421968
"E102D:V123A:L140A:A179V",64,0,-7.41743061254603
"E102D:V123A:T156A:M178R",59,0,-7.3019533951261
"E102D:V123F:L140A:A179V",22,0,-5.91862475557459
"E102D:V123F:T156A:M178R",44,0,-6.88691589584725
"E102D:V123L:T156A:M178R",28,0,-6.25304379464515
"E102D:T124A:L140A:M178R",31,5,-3.81010029879642
"E102D:T124A:L140A:A179T",25,6,-3.28814759560107
"E102D:T124A:L140A:A179V",44,0,-6.88691589584725
"E102D:T124A:T156A:M178R",32,0,-6.43945691887603
"E102D:F129V:V145A:M178R",25,7,-3.09550251765867
"E102D:F129V:V145A:A179T",21,0,-5.85449441815488
"E102D:F129V:V145A:A179V",21,0,-5.85449441815488
"E102D:F129V:D146N:M178R",5,20,0.412292122540027
"E102D:F129V:T156A:M178R",25,6,-3.28814759560107
"E102D:K131R:D146N:M178R",6,45,1.32114423448183
"E102D:E132D:V145A:M178R",40,13,-2.94525988207806
"E102D:E132D:V145A:A179T",22,0,-5.91862475557459
"E102D:E132D:V145A:A179V",35,0,-6.56498780095989
"E102D:E132D:D146N:M178R",9,14,-0.810100298796421
"E102D:N133G:D146N:M178R",38,229,1.16502503256455
"E102D:N133G:D146N:A179T",14,60,0.62878394243679
"E102D:N133G:D146N:A179V",23,115,0.877955694888838
"E102D:N133G:T156A:M178R",23,0,-5.98002530023873
"E102D:L140A:E153Q:E176Q",29,0,-6.3019533951261
"E102D:L140A:E153Q:M178R",51,8,-3.92557751621636
"E102D:L140A:E153Q:A179T",59,7,-4.3019533951261
"E102D:L140A:E153Q:A179V",34,5,-3.93938331574139
"E102D:L140A:T156A:E176Q",32,0,-6.43945691887603
"E102D:L140A:T156A:M178R",105,13,-4.31562833202317
"E102D:L140A:T156A:A179T",40,11,-3.16765230341451
"E102D:L140A:T156A:A179V",43,10,-3.39506279951758
"E102D:E141S:E153Q:M178R",16,8,-2.3126006393256
"E102D:E141S:T156A:M178R",72,9,-4.26295926351023
"E102D:E141S:T156A:A179V",24,0,-6.0389189892923
"E102D:V145A:T156A:M178R",14,8,-2.13202839368378
"R104H:T118R:F129V:E176Q",13,20,-0.810100298796421
"R104H:T118R:F129V:M178R",29,145,0.887871163753921
"R104H:T118R:F129V:A179T",38,140,0.459086334018967
"R104H:T118R:F129V:A179V",58,97,-0.662996004764211
"R104H:T118R:K131R:E176Q",42,217,0.946856770557251
"R104H:T118R:K131R:M178R",135,862,1.27069110841104
"R104H:T118R:K131R:A179T",139,676,0.878666207112452
"R104H:T118R:K131R:A179V",151,635,0.669892642323192
"R104H:T118R:E132D:E176Q",30,152,0.908128732788199
"R104H:T118R:E132D:M178R",86,761,1.73564089212702
"R104H:T118R:E132D:A179T",159,656,0.64275866591739
"R104H:T118R:E132D:A179V",165,633,0.538236799274905
"R104H:T118R:N133G:E176Q",6,44,1.28943537475449
"R104H:T118R:N133G:M178R",28,320,2.07338569247715
"R104H:T118R:N133G:A179T",38,231,1.17751597674775
"R104H:T118R:N133G:A179V",34,163,0.83320618815554
"R104H:T118R:R134K:A179T",6,28,0.65556327355239
"R104H:T118R:R134K:A179V",9,11,-1.13202839368378
"R104H:T118R:L140A:M178R",37,26,-1.88810281079769
"R104H:T118R:L140A:A179T",36,32,-1.56012204578807
"R104H:T118R:L140A:A179V",34,25,-1.82390609832145
"R104H:T118R:E141S:A179V",27,6,-3.39506279951758
"R104H:T118R:V145A:M178R",49,39,-1.71699089440494
"R104H:T118R:V145A:A179T",29,11,-2.71699089440494
"R104H:T118R:V145A:A179V",35,23,-1.98002530023873
"R104H:T118R:D146N:M178R",38,367,1.84309693767719
"R104H:T118R:D146N:A179T",11,94,1.58983030809221
"R104H:T118R:D146N:A179V",25,133,0.970586672799102
"R104H:T118R:M147H:M178R",27,22,-1.67885576551817
"R104H:T118R:E153Q:E176Q",15,30,-0.440866489130703
"R104H:T118R:E153Q:M178R",52,346,1.31580859849748
"R104H:T118R:E153Q:A179T",36,57,-0.746535170018955
"R104H:T118R:E153Q:A179V",23,72,0.209799258641283
"R104H:T118R:T156A:E176Q",118,31,-3.28988056282552
"R104H:T118R:T156A:M178R",562,171,-3.10578915689571
"R104H:T118R:T156A:A179T",152,36,-3.44299727658128
"R104H:T118R:T156A:A179V",180,37,-3.6469811731572
"R104H:T118R:M178R:R180S",6,15,-0.202417721575182
"R104H:T118R:A179V:R180S",6,14,-0.295527125966663
"R104H:K121R:R134K:M178R",12,36,0.11395084797028
"R104H:K121R:R134K:A179T",10,17,-0.684569416712563
"R104H:K121R:R134K:A179V",19,33,-0.629528053154601
"R104H:K121R:E153Q:M178R",19,74,0.511827796090941
"R104H:K121R:E153Q:A179T",8,20,-0.17267037818113
"R104H:K121R:E153Q:A179V",13,31,-0.202417721575182
"R104H:K121R:T156A:M178R",46,0,-6.94965165119522
"R104H:K121R:T156A:A179T",23,0,-5.98002530023873
"R104H:K121R:T156A:A179V",20,5,-3.20241772157518
"R104H:V123A:W136H:M178R",26,0,-6.14995030168105
"R104H:V123A:W136H:A179T",32,5,-3.85449441815488
"R104H:V123A:W136H:A179V",28,0,-6.25304379464515
"R104H:V123A:L140A:M178R",20,0,-5.78738022229634
"R104H:V123A:L140A:A179T",27,0,-6.20241772157518
"R104H:V123A:L140A:A179V",21,0,-5.85449441815488
"R104H:V123A:T156A:M178R",60,0,-7.32580013708046
"R104H:V123A:T156A:A179V",21,0,-5.85449441815488
"R104H:V123F:W136H:M178R",24,0,-6.0389189892923
"R104H:V123F:L140A:M178R",37,0,-6.64299031296116
"R104H:V123F:L140A:A179T",41,7,-3.78738022229634
"R104H:V123F:L140A:A179V",35,5,-3.98002530023873
"R104H:V123F:T156A:M178R",66,0,-7.46115198997535
"R104H:V123L:V145A:A179T",20,0,-5.78738022229634
"R104H:V123L:T156A:M178R",65,0,-7.43945691887603
"R104H:T124A:L140A:M178R",21,0,-5.85449441815488
"R104H:T124A:L140A:A179T",28,0,-6.25304379464515
"R104H:T124A:L140A:A179V",24,0,-6.0389189892923
"R104H:T124A:T156A:M178R",35,0,-6.56498780095989
"R104H:F129V:V145A:M178R",21,6,-3.04713949609727
"R104H:F129V:E153Q:M178R",5,19,0.341902794648628
"R104H:F129V:T156A:M178R",46,5,-4.36468915047406
"R104H:K131R:D146N:M178R",5,59,1.92686529536978
"R104H:K131R:D146N:A179V",7,95,2.18989970120358
"R104H:K131R:E153Q:M178R",9,22,-0.193428938347927
"R104H:K131R:E153Q:A179T",8,13,-0.757632878902286
"R104H:K131R:T156A:M178R",14,9,-1.98002530023873
"R104H:E132D:V145A:M178R",37,13,-2.83563539090356
"R104H:E132D:V145A:A179T",25,7,-3.09550251765867
"R104H:E132D:V145A:A179V",33,9,-3.16059754588056
"R104H:N133G:D146N:E176Q",5,22,0.543536655818279
"R104H:N133G:D146N:M178R",31,297,1.82410572094458
"R104H:N133G:D146N:A179T",12,71,1.07442248378364
"R104H:N133G:D146N:A179V",25,109,0.68585719586599
"R104H:N133G:T156A:M178R",23,5,-3.39506279951758
"R104H:L140A:E153Q:E176Q",28,10,-2.79361217600785
"R104H:L140A:E153Q:M178R",70,13,-3.73745499696466
"R104H:L140A:E153Q:A179T",54,8,-4.00649751159992
"R104H:L140A:E153Q:A179V",37,6,-3.83563539090356
"R104H:L140A:T156A:E176Q",22,5,-3.33366225485343
"R104H:L140A:T156A:M178R",99,29,-3.13202839368378
"R104H:L140A:T156A:A179T",34,17,-2.35442081502023
"R104H:L140A:T156A:A179V",40,5,-4.16765230341451
"R104H:E141S:T156A:M178R",65,14,-3.53256632326751
"R104H:E141S:T156A:A179T",22,0,-5.91862475557459
"R104H:E141S:T156A:A179V",22,0,-5.91862475557459
"R104H:V145A:T156A:M178R",25,5,-3.51054001693751
"V105A:T118R:F129V:M178R",47,14,-3.07313470463022
"V105A:T118R:F129V:A179T",50,0,-7.06748814148907
"V105A:T118R:F129V:A179V",48,10,-3.55034102499549
"V105A:T118R:K131R:E176Q",35,9,-3.24305970607253
"V105A:T118R:K131R:M178R",125,19,-4.05041462813013
"V105A:T118R:K131R:A179T",118,19,-3.96795246793816
"V105A:T118R:K131R:A179V",134,12,-4.77143867842732
"V105A:T118R:E132D:M178R",82,18,-3.52217471742092
"V105A:T118R:E132D:A179T",113,9,-4.90602471879496
"V105A:T118R:E132D:A179V",114,7,-5.24055285046195
"V105A:T118R:N133G:M178R",67,16,-3.39506279951758
"V105A:T118R:N133G:A179T",83,14,-3.88048962668782
"V105A:T118R:N133G:A179V",71,0,-7.56498780095989
"V105A:T118R:L140A:M178R",37,0,-6.64299031296116
"V105A:T118R:L140A:A179T",31,0,-6.39506279951758
"V105A:T118R:L140A:A179V",30,0,-6.34925910990445
"V105A:T118R:V145A:M178R",48,0,-7.00977264363279
"V105A:T118R:V145A:A179T",31,0,-6.39506279951758
"V105A:T118R:V145A:A179V",35,0,-6.56498780095989
"V105A:T118R:D146N:M178R",38,9,-3.35853692349246
"V105A:T118R:D146N:A179V",16,5,-2.89756314004676
"V105A:T118R:M147H:M178R",24,0,-6.0389189892923
"V105A:T118R:E153Q:E176Q",23,0,-5.98002530023873
"V105A:T118R:E153Q:M178R",61,8,-4.17933410846214
"V105A:T118R:E153Q:A179T",36,0,-6.60451616514653
"V105A:T118R:E153Q:A179V",28,0,-6.25304379464515
"V105A:T118R:T156A:E176Q",124,0,-8.36084708417967
"V105A:T118R:T156A:M178R",675,15,-6.79594223579976
"V105A:T118R:T156A:A179T",192,9,-5.6655917418983
"V105A:T118R:T156A:A179V",203,10,-5.60805652285178
"V105A:K121R:T156A:M178R",49,0,-7.0389189892923
"V105A:V123A:L140A:M178R",33,0,-6.48252564076792
"V105A:V123A:L140A:A179T",39,0,-6.71699089440494
"V105A:V123A:L140A:A179V",35,0,-6.56498780095989
"V105A:V123A:T156A:M178R",65,0,-7.43945691887603
"V105A:V123F:L140A:M178R",22,6,-3.11126983351699
"V105A:V123F:L140A:A179T",30,0,-6.34925910990445
"V105A:V123F:L140A:A179V",24,0,-6.0389189892923
"V105A:V123F:T156A:E176Q",20,0,-5.78738022229634
"V105A:V123F:T156A:M178R",82,0,-7.7701022308645
"V105A:V123F:T156A:A179T",23,0,-5.98002530023873
"V105A:V123L:W136H:M178R",22,0,-5.91862475557459
"V105A:V123L:W136H:A179T",25,0,-6.09550251765867
"V105A:V123L:W136H:A179V",20,0,-5.78738022229634
"V105A:V123L:T156A:M178R",67,0,-7.48252564076792
"V105A:V123L:T156A:A179T",23,0,-5.98002530023873
"V105A:V123L:T156A:A179V",24,0,-6.0389189892923
"V105A:T124A:L140A:M178R",23,0,-5.98002530023873
"V105A:T124A:L140A:A179T",30,0,-6.34925910990445
"V105A:T124A:L140A:A179V",29,0,-6.3019533951261
"V105A:T124A:E141S:A179V",26,0,-6.14995030168105
"V105A:T124A:T156A:M178R",62,0,-7.3723427230175
"V105A:F129V:V145A:M178R",34,0,-6.52434581646254
"V105A:F129V:V145A:A179T",25,0,-6.09550251765867
"V105A:F129V:V145A:A179V",24,0,-6.0389189892923
"V105A:F129V:T156A:M178R",42,0,-6.82132755421968
"V105A:E132D:V145A:M178R",30,0,-6.34925910990445
"V105A:E132D:V145A:A179V",23,0,-5.98002530023873
"V105A:N133G:D146N:M178R",34,7,-3.52434581646254
"V105A:N133G:D146N:A179V",26,0,-6.14995030168105
"V105A:L140A:E153Q:M178R",62,0,-7.3723427230175
"V105A:L140A:E153Q:A179T",50,0,-7.06748814148907
"V105A:L140A:E153Q:A179V",36,0,-6.60451616514653
"V105A:L140A:T156A:M178R",125,0,-8.3723427230175
"V105A:L140A:T156A:A179T",53,0,-7.14995030168105
"V105A:L140A:T156A:A179V",40,0,-6.75261480413566
"V105A:E141S:T156A:M178R",54,0,-7.17642251304224
"V105A:E141S:T156A:A179T",29,0,-6.3019533951261
"V105A:V145A:T156A:M178R",21,0,-5.85449441815488
"T106I:T118R:T156A:M178R",46,0,-6.94965165119522
"T106I:V123A:W136H:M178R",32,6,-3.63210199681843
"T106I:V123A:W136H:A179T",27,5,-3.61745522085403
"T106I:V123A:L140A:M178R",32,0,-6.43945691887603
"T106I:V123A:L140A:A179T",33,0,-6.48252564076792
"T106I:V123A:L140A:A179V",38,0,-6.68046501837983
"T106I:V123A:T156A:M178R",59,0,-7.3019533951261
"T106I:V123F:T156A:M178R",49,0,-7.0389189892923
"T106I:V123L:T156A:M178R",40,0,-6.75261480413566
"T106I:T124A:T156A:M178R",43,0,-6.85449441815488
"T106I:F129V:T156A:M178R",48,0,-7.00977264363279
"T106I:E132D:V145A:M178R",29,5,-3.71699089440494
"T106I:E132D:V145A:A179T",28,0,-6.25304379464515
"T106I:E132D:V145A:A179V",27,0,-6.20241772157518
"T106I:N133G:D146N:M178R",15,26,-0.640175297354109
"T106I:N133G:D146N:A179V",7,13,-0.587707877459974
"T106I:L140A:E153Q:M178R",25,0,-6.09550251765867
"T106I:L140A:E153Q:A179T",22,0,-5.91862475557459
"T106I:L140A:E153Q:A179V",20,0,-5.78738022229634
"T106I:L140A:T156A:M178R",41,0,-6.78738022229634
"T106I:L140A:T156A:A179T",25,0,-6.09550251765867
"T106I:L140A:T156A:A179V",21,0,-5.85449441815488
"T106I:E141S:T156A:M178R",26,0,-6.14995030168105
"T106V:T118R:T156A:M178R",27,0,-6.20241772157518
"T106V:V123A:L140A:A179T",22,0,-5.91862475557459
"T106V:V123A:T156A:M178R",25,0,-6.09550251765867
"I111E:V123A:T156A:M178R",55,0,-7.20241772157518
"I111E:V123F:L140A:A179T",20,0,-5.78738022229634
"I111E:V123F:L140A:A179V",22,0,-5.91862475557459
"I111E:V123F:T156A:M178R",41,0,-6.78738022229634
"I111E:V123L:T156A:M178R",58,0,-7.27770584887942
"I111E:V123L:T156A:A179T",32,0,-6.43945691887603
"I111E:V123L:T156A:A179V",27,0,-6.20241772157518
"I111E:T124A:L140A:E176Q",55,0,-7.20241772157518
"I111E:T124A:L140A:M178R",182,27,-4.10340771574402
"I111E:T124A:L140A:A179T",169,22,-4.28089177959827
"I111E:T124A:L140A:A179V",168,19,-4.4740141409124
"I111E:T124A:E141S:E176Q",22,0,-5.91862475557459
"I111E:T124A:E141S:M178R",78,8,-4.52891854625237
"I111E:T124A:E141S:A179T",93,0,-7.94965165119522
"I111E:T124A:E141S:A179V",102,9,-4.75963523181343
"I111E:T124A:V145A:M178R",56,0,-7.22795281368232
"I111E:T124A:V145A:A179T",45,0,-6.91862475557459
"I111E:T124A:V145A:A179V",46,0,-6.94965165119522
"I111E:T124A:D146N:M178R",23,0,-5.98002530023873
"I111E:T124A:M147H:M178R",27,0,-6.20241772157518
"I111E:T124A:E153Q:M178R",66,10,-4.00172037133805
"I111E:T124A:E153Q:A179T",27,0,-6.20241772157518
"I111E:T124A:E153Q:A179V",28,0,-6.25304379464515
"I111E:T124A:T156A:E176Q",98,0,-8.02441941959719
"I111E:T124A:T156A:M178R",468,10,-6.80907529339566
"I111E:T124A:T156A:A179T",118,0,-8.28988056282552
"I111E:T124A:T156A:A179V",122,7,-5.33757730485682
"I111E:V126A:L140A:A179T",21,5,-3.26953191743372
"I111E:V126A:L140A:A179V",21,5,-3.26953191743372
"I111E:V126A:T156A:M178R",35,0,-6.56498780095989
"I111E:R128E:E141S:A179V",25,0,-6.09550251765867
"I111E:F129V:E141S:M178R",27,0,-6.20241772157518
"I111E:F129V:E141S:A179T",24,0,-6.0389189892923
"I111E:F129V:E141S:A179V",27,0,-6.20241772157518
"I111E:F129V:V145A:E176Q",20,0,-5.78738022229634
"I111E:F129V:V145A:M178R",90,10,-4.44342582107898
"I111E:F129V:V145A:A179T",55,5,-4.61745522085403
"I111E:F129V:V145A:A179V",74,6,-4.81652656795585
"I111E:F129V:D146N:M178R",25,0,-6.09550251765867
"I111E:F129V:D146N:A179V",35,0,-6.56498780095989
"I111E:F129V:E153Q:M178R",43,0,-6.85449441815488
"I111E:F129V:E153Q:A179T",20,0,-5.78738022229634
"I111E:F129V:E153Q:A179V",33,0,-6.48252564076792
"I111E:F129V:T156A:E176Q",43,0,-6.85449441815488
"I111E:F129V:T156A:M178R",206,0,-9.0885497570169
"I111E:F129V:T156A:A179T",60,0,-7.32580013708046
"I111E:F129V:T156A:A179V",68,0,-7.50358725629575
"I111E:K131R:T156A:M178R",43,0,-6.85449441815488
"I111E:K131R:T156A:A179V",33,0,-6.48252564076792
"I111E:E132D:V145A:M178R",34,0,-6.52434581646254
"I111E:E132D:V145A:A179T",43,0,-6.85449441815488
"I111E:E132D:V145A:A179V",40,0,-6.75261480413566
"I111E:N133G:D146N:M178R",29,7,-3.3019533951261
"I111E:N133G:D146N:A179V",28,0,-6.25304379464515
"I111E:N133G:T156A:M178R",21,0,-5.85449441815488
"I111E:L140A:E153Q:E176Q",21,0,-5.85449441815488
"I111E:L140A:E153Q:M178R",42,0,-6.82132755421968
"I111E:L140A:E153Q:A179T",31,0,-6.39506279951758
"I111E:L140A:E153Q:A179V",33,0,-6.48252564076792
"I111E:L140A:T156A:M178R",92,0,-7.93422161062561
"I111E:L140A:T156A:A179T",55,0,-7.20241772157518
"I111E:L140A:T156A:A179V",44,0,-6.88691589584725
"I111E:E141S:T156A:M178R",41,0,-6.78738022229634
"I111M:V123A:L140A:M178R",27,0,-6.20241772157518
"I111M:V123A:L140A:A179T",35,0,-6.56498780095989
"I111M:V123A:L140A:A179V",33,0,-6.48252564076792
"I111M:V123A:T156A:M178R",79,0,-7.71699089440494
"I111M:V123F:L140A:M178R",39,7,-3.71699089440494
"I111M:V123F:L140A:A179T",59,0,-7.3019533951261
"I111M:V123F:L140A:A179V",50,0,-7.06748814148907
"I111M:V123F:T156A:M178R",75,0,-7.64299031296116
"I111M:V123L:T156A:E176Q",21,0,-5.85449441815488
"I111M:V123L:T156A:M178R",55,0,-7.20241772157518
"I111M:V123L:T156A:A179T",20,0,-5.78738022229634
"I111M:V123L:T156A:A179V",23,0,-5.98002530023873
"I111M:T124A:F129V:A179T",24,0,-6.0389189892923
"I111M:T124A:F129V:A179V",22,0,-5.91862475557459
"I111M:T124A:L140A:E176Q",57,6,-4.44568887258755
"I111M:T124A:L140A:M178R",151,14,-4.73609971735264
"I111M:T124A:L140A:A179T",163,21,-4.29318318549836
"I111M:T124A:L140A:A179V",209,19,-4.78738022229634
"I111M:T124A:E141S:E176Q",34,0,-6.52434581646254
"I111M:T124A:E141S:M178R",103,5,-5.51054001693751
"I111M:T124A:E141S:A179T",108,0,-8.1632471242945
"I111M:T124A:E141S:A179V",142,0,-8.55493413629597
"I111M:T124A:V145A:E176Q",20,0,-5.78738022229634
"I111M:T124A:V145A:M178R",72,0,-7.5848873583976
"I111M:T124A:V145A:A179T",62,0,-7.3723427230175
"I111M:T124A:V145A:A179V",83,0,-7.78738022229634
"I111M:T124A:D146N:M178R",41,7,-3.78738022229634
"I111M:T124A:D146N:A179V",15,6,-2.58770787745997
"I111M:T124A:M147H:M178R",28,0,-6.25304379464515
"I111M:T124A:E153Q:M178R",59,0,-7.3019533951261
"I111M:T124A:E153Q:A179T",27,0,-6.20241772157518
"I111M:T124A:E153Q:A179V",32,0,-6.43945691887603
"I111M:T124A:T156A:E176Q",88,0,-7.87079623048398
"I111M:T124A:T156A:M178R",544,0,-10.4851752191819
"I111M:T124A:T156A:A179T",119,0,-8.3019533951261
"I111M:T124A:T156A:A179V",121,0,-8.32580013708046
"I111M:V126A:T156A:M178R",36,0,-6.60451616514653
"I111M:F129V:L140A:M178R",25,0,-6.09550251765867
"I111M:F129V:L140A:A179T",25,0,-6.09550251765867
"I111M:F129V:E141S:M178R",24,0,-6.0389189892923
"I111M:F129V:E141S:A179T",31,0,-6.39506279951758
"I111M:F129V:E141S:A179V",50,0,-7.06748814148907
"I111M:F129V:V145A:E176Q",20,0,-5.78738022229634
"I111M:F129V:V145A:M178R",95,0,-7.98002530023873
"I111M:F129V:V145A:A179T",65,0,-7.43945691887603
"I111M:F129V:V145A:A179V",62,0,-7.3723427230175
"I111M:F129V:D146N:M178R",32,0,-6.43945691887603
"I111M:F129V:D146N:A179T",24,0,-6.0389189892923
"I111M:F129V:D146N:A179V",31,0,-6.39506279951758
"I111M:F129V:M147H:M178R",77,14,-3.77357442277131
"I111M:F129V:M147H:A179T",48,5,-4.42481014291163
"I111M:F129V:M147H:A179V",43,11,-3.26953191743372
"I111M:F129V:E153Q:M178R",38,0,-6.68046501837983
"I111M:F129V:E153Q:A179T",24,0,-6.0389189892923
"I111M:F129V:E153Q:A179V",36,0,-6.60451616514653
"I111M:F129V:T156A:E176Q",47,0,-6.98002530023873
"I111M:F129V:T156A:M178R",257,0,-9.40629005494083
"I111M:F129V:T156A:A179T",66,0,-7.46115198997535
"I111M:F129V:T156A:A179V",55,0,-7.20241772157518
"I111M:K131R:V145A:M178R",21,0,-5.85449441815488
"I111M:E132D:V145A:M178R",68,0,-7.50358725629575
"I111M:E132D:V145A:A179T",54,0,-7.17642251304224
"I111M:E132D:V145A:A179V",40,0,-6.75261480413566
"I111M:N133G:D146N:M178R",24,6,-3.2315640672347
"I111M:N133G:D146N:A179T",20,0,-5.78738022229634
"I111M:N133G:D146N:A179V",21,0,-5.85449441815488
"I111M:N133G:T156A:M178R",31,0,-6.39506279951758
"I111M:L140A:E153Q:E176Q",26,0,-6.14995030168105
"I111M:L140A:E153Q:M178R",61,0,-7.34925910990445
"I111M:L140A:E153Q:A179T",66,0,-7.46115198997535
"I111M:L140A:E153Q:A179V",46,0,-6.94965165119522
"I111M:L140A:T156A:E176Q",28,0,-6.25304379464515
"I111M:L140A:T156A:M178R",143,0,-8.56498780095989
"I111M:L140A:T156A:A179T",39,0,-6.71699089440494
"I111M:L140A:T156A:A179V",33,0,-6.48252564076792
"I111M:E141S:T156A:M178R",66,0,-7.46115198997535
"I111M:E141S:T156A:A179V",27,0,-6.20241772157518
"I111M:V145A:T156A:M178R",33,0,-6.48252564076792
"T118R:K131R:V145A:M178R",59,8,-4.13202839368378
"T118R:K131R:V145A:A179T",29,0,-6.3019533951261
"T118R:K131R:V145A:A179V",44,13,-3.07956097378965
"T118R:K131R:D146N:E176Q",14,79,1.01997469976127
"T118R:K131R:D146N:M178R",68,389,1.10374305745386
"T118R:K131R:D146N:A179T",57,237,0.641773968662794
"T118R:K131R:D146N:A179V",56,434,1.53691877705377
"T118R:K131R:M147H:M178R",14,14,-1.39506279951758
"T118R:K131R:E153Q:M178R",17,90,0.942806839238806
"T118R:K131R:E153Q:A179T",10,19,-0.532566323267513
"T118R:K131R:E153Q:A179V",14,27,-0.494598473068492
"T118R:K131R:T156A:M178R",107,28,-3.29196930655347
"T118R:K131R:T156A:A179T",25,7,-3.09550251765867
"T118R:K131R:T156A:A179V",36,0,-6.60451616514653
"T118R:E132D:V145A:E176Q",37,5,-4.05802781224001
"T118R:E132D:V145A:M178R",177,52,-3.14287577592078
"T118R:E132D:V145A:A179T",132,40,-3.09279323040068
"T118R:E132D:V145A:A179V",156,30,-3.73548723802233
"T118R:E132D:D146N:E176Q",6,19,0.119510373312181
"T118R:E132D:D146N:M178R",17,203,2.10743754101161
"T118R:E132D:D146N:A179T",20,112,1.03279874011885
"T118R:E132D:D146N:A179V",16,95,1.10243685995324
"T118R:E132D:M147H:A179T",15,8,-2.22513779807527
"T118R:E132D:E153Q:M178R",15,53,0.359824702645891
"T118R:E132D:E153Q:A179T",10,18,-0.60656690471129
"T118R:E132D:E153Q:A179V",12,18,-0.847575004215084
"T118R:E132D:T156A:M178R",63,9,-4.07313470463022
"T118R:E132D:T156A:A179T",20,7,-2.78738022229634
"T118R:E132D:T156A:A179V",24,8,-2.86899398784999
"T118R:N133G:D146N:E176Q",17,68,0.543536655818279
"T118R:N133G:D146N:M178R",72,487,1.34584997916529
"T118R:N133G:D146N:A179T",52,257,0.888244001342477
"T118R:N133G:D146N:A179V",56,280,0.906473506538607
"T118R:N133G:E153Q:E176Q",8,15,-0.56498780095989
"T118R:N133G:E153Q:M178R",17,66,0.501101389497882
"T118R:N133G:E153Q:A179T",12,28,-0.237521522531098
"T118R:N133G:E153Q:A179V",11,26,-0.225137798075265
"T118R:N133G:T156A:M178R",57,16,-3.16558095339481
"T118R:R134K:M147H:M178R",41,55,-0.980025300238734
"T118R:R134K:M147H:A179T",25,21,-1.63607089902137
"T118R:R134K:M147H:A179V",25,18,-1.84757500421508
"T118R:R134K:T156A:M178R",19,6,-2.90963597234734
"T118R:L140A:E153Q:E176Q",19,8,-2.54706589296263
"T118R:L140A:E153Q:M178R",59,18,-3.05402588168251
"T118R:L140A:E153Q:A179T",38,14,-2.77357442277131
"T118R:L140A:E153Q:A179V",57,12,-3.55260407650406
"T118R:L140A:T156A:M178R",108,19,-3.84131902940714
"T118R:L140A:T156A:A179T",38,19,-2.35853692349246
"T118R:L140A:T156A:A179V",31,12,-2.69462308137649
"T118R:E141S:T156A:M178R",54,10,-3.71699089440494
"T118R:V145A:T156A:M178R",16,6,-2.67517071871031
"T118R:D155N:T156A:M178R",42,0,-6.82132755421968
"T118R:D155N:T156A:A179V",32,0,-6.43945691887603
"K121R:L140A:T156A:M178R",33,5,-3.89756314004676
"V123A:L140A:E153Q:M178R",31,5,-3.81010029879642
"V123A:L140A:E153Q:A179T",36,0,-6.60451616514653
"V123A:L140A:E153Q:A179V",29,0,-6.3019533951261
"V123A:L140A:T156A:M178R",80,0,-7.7349128024022
"V123A:L140A:T156A:A179T",43,6,-4.04713949609727
"V123A:L140A:T156A:A179V",43,0,-6.85449441815488
"V123F:L140A:E153Q:M178R",24,0,-6.0389189892923
"V123F:L140A:E153Q:A179V",25,0,-6.09550251765867
"V123F:L140A:T156A:M178R",79,0,-7.71699089440494
"V123F:L140A:T156A:A179T",42,0,-6.82132755421968
"V123F:L140A:T156A:A179V",41,0,-6.78738022229634
"V123L:L140A:T156A:M178R",72,7,-4.5848873583976
"V123L:L140A:T156A:A179T",35,6,-3.75763287890229
"V123L:L140A:T156A:A179V",26,0,-6.14995030168105
"T124A:L140A:E153Q:M178R",56,0,-7.22795281368232
"T124A:L140A:E153Q:A179T",61,0,-7.34925910990445
"T124A:L140A:E153Q:A179V",59,0,-7.3019533951261
"T124A:L140A:T156A:E176Q",41,0,-6.78738022229634
"T124A:L140A:T156A:M178R",112,7,-5.21524176193277
"T124A:L140A:T156A:A179T",57,0,-7.25304379464515
"T124A:L140A:T156A:A179V",61,0,-7.34925910990445
"T124A:E141S:E153Q:M178R",23,0,-5.98002530023873
"T124A:E141S:T156A:M178R",44,0,-6.88691589584725
"R128E:E141S:T156A:M178R",33,0,-6.48252564076792
"R128E:E141S:T156A:A179T",24,0,-6.0389189892923
"E132D:V145A:T156A:M178R",23,0,-5.98002530023873
"D97E:I111E:V123A:T156A:M178R",40,0,-6.75261480413566
"D97E:I111E:T124A:L140A:E176Q",35,0,-6.56498780095989
"D97E:I111E:T124A:L140A:M178R",124,16,-4.27338424292933
"D97E:I111E:T124A:L140A:A179T",124,14,-4.45395648857115
"D97E:I111E:T124A:L140A:A179V",122,0,-8.33757730485682
"D97E:I111E:T124A:E141S:M178R",25,0,-6.09550251765867
"D97E:I111E:T124A:E141S:A179T",27,0,-6.20241772157518
"D97E:I111E:T124A:E141S:A179V",51,0,-7.09550251765867
"D97E:I111E:T124A:V145A:M178R",29,0,-6.3019533951261
"D97E:I111E:T124A:V145A:A179V",28,0,-6.25304379464515
"D97E:I111E:T124A:D146N:M178R",20,0,-5.78738022229634
"D97E:I111E:T124A:E153Q:M178R",22,0,-5.91862475557459
"D97E:I111E:T124A:T156A:E176Q",28,0,-6.25304379464515
"D97E:I111E:T124A:T156A:M178R",150,5,-6.0485050381215
"D97E:I111E:T124A:T156A:A179T",25,0,-6.09550251765867
"D97E:I111E:T124A:T156A:A179V",28,0,-6.25304379464515
"D97E:I111E:F129V:E141S:A179V",20,0,-5.78738022229634
"D97E:I111E:F129V:V145A:M178R",49,0,-7.0389189892923
"D97E:I111E:F129V:V145A:A179T",32,0,-6.43945691887603
"D97E:I111E:F129V:V145A:A179V",30,0,-6.34925910990445
"D97E:I111E:F129V:T156A:M178R",88,0,-7.87079623048398
"D97E:I111E:F129V:T156A:A179T",26,0,-6.14995030168105
"D97E:I111E:F129V:T156A:A179V",21,0,-5.85449441815488
"D97E:I111E:E132D:V145A:M178R",39,0,-6.71699089440494
"D97E:I111E:E132D:V145A:A179T",38,0,-6.68046501837983
"D97E:I111E:E132D:V145A:A179V",49,0,-7.0389189892923
"D97E:I111E:L140A:E153Q:M178R",33,0,-6.48252564076792
"D97E:I111E:L140A:E153Q:A179T",35,0,-6.56498780095989
"D97E:I111E:L140A:E153Q:A179V",22,0,-5.91862475557459
"D97E:I111E:L140A:T156A:E176Q",20,0,-5.78738022229634
"D97E:I111E:L140A:T156A:M178R",55,0,-7.20241772157518
"D97E:I111E:L140A:T156A:A179T",26,0,-6.14995030168105
"D97E:I111E:L140A:T156A:A179V",21,0,-5.85449441815488
"D97E:I111E:E141S:T156A:M178R",32,0,-6.43945691887603
"D97E:I111M:V123A:E153Q:M178R",24,0,-6.0389189892923
"D97E:I111M:V123A:T156A:M178R",30,0,-6.34925910990445
"D97E:I111M:V123F:L140A:A179T",22,0,-5.91862475557459
"D97E:I111M:V123F:T156A:M178R",44,0,-6.88691589584725
"D97E:I111M:T124A:L140A:E176Q",20,0,-5.78738022229634
"D97E:I111M:T124A:L140A:M178R",71,10,-4.10555618232259
"D97E:I111M:T124A:L140A:A179T",68,5,-4.91862475557459
"D97E:I111M:T124A:L140A:A179V",86,0,-7.83800629536631
"D97E:I111M:T124A:E141S:M178R",48,11,-3.42481014291163
"D97E:I111M:T124A:E141S:A179T",55,10,-3.74298610293789
"D97E:I111M:T124A:E141S:A179V",73,15,-3.60451616514653
"D97E:I111M:T124A:V145A:M178R",24,0,-6.0389189892923
"D97E:I111M:T124A:E153Q:M178R",34,0,-6.52434581646254
"D97E:I111M:T124A:T156A:E176Q",39,0,-6.71699089440494
"D97E:I111M:T124A:T156A:M178R",242,9,-5.997947208236
"D97E:I111M:T124A:T156A:A179T",72,0,-7.5848873583976
"D97E:I111M:T124A:T156A:A179V",62,0,-7.3723427230175
"D97E:I111M:F129V:V145A:M178R",44,0,-6.88691589584725
"D97E:I111M:F129V:V145A:A179T",36,0,-6.60451616514653
"D97E:I111M:F129V:V145A:A179V",40,0,-6.75261480413566
"D97E:I111M:F129V:T156A:E176Q",20,0,-5.78738022229634
"D97E:I111M:F129V:T156A:M178R",87,0,-7.85449441815488
"D97E:I111M:F129V:T156A:A179V",20,0,-5.78738022229634
"D97E:I111M:E132D:V145A:M178R",28,0,-6.25304379464515
"D97E:I111M:E132D:V145A:A179T",44,0,-6.88691589584725
"D97E:I111M:E132D:V145A:A179V",41,0,-6.78738022229634
"D97E:I111M:N133G:D146N:M178R",17,5,-2.98002530023873
"D97E:I111M:L140A:E153Q:M178R",35,0,-6.56498780095989
"D97E:I111M:L140A:E153Q:A179T",26,0,-6.14995030168105
"D97E:I111M:L140A:E153Q:A179V",21,5,-3.26953191743372
"D97E:I111M:L140A:T156A:M178R",79,0,-7.71699089440494
"D97E:I111M:L140A:T156A:A179T",27,0,-6.20241772157518
"D97E:I111M:L140A:T156A:A179V",25,0,-6.09550251765867
"D97E:I111M:E141S:T156A:M178R",34,0,-6.52434581646254
"D97E:T118R:E132D:V145A:M178R",27,0,-6.20241772157518
"D97E:T118R:E132D:V145A:A179T",25,0,-6.09550251765867
"D97E:T118R:E132D:V145A:A179V",20,0,-5.78738022229634
"D97E:T118R:L140A:T156A:M178R",22,0,-5.91862475557459
"I98M:I111E:T124A:E141S:A179V",26,0,-6.14995030168105
"I98M:I111E:T124A:T156A:M178R",35,0,-6.56498780095989
"I98M:I111M:T124A:L140A:A179V",16,6,-2.67517071871031
"I98M:I111M:T124A:T156A:M178R",65,0,-7.43945691887603
"I98M:I111M:F129V:T156A:M178R",24,0,-6.0389189892923
"I98M:I111M:N133G:D146N:M178R",29,0,-6.3019533951261
"I98M:T118R:E132D:V145A:M178R",33,0,-6.48252564076792
"I98M:T118R:E132D:V145A:A179T",27,0,-6.20241772157518
"I98M:T118R:E132D:V145A:A179V",44,0,-6.88691589584725
"D100N:T118R:E132D:T156A:M178R",28,0,-6.25304379464515
"D100N:T118R:L140A:T156A:M178R",22,0,-5.91862475557459
"D100N:V126A:E141S:T156A:M178R",25,0,-6.09550251765867
"E102D:T118R:K131R:D146N:E176Q",6,19,0.119510373312181
"E102D:T118R:K131R:D146N:M178R",28,185,1.28611501646288
"E102D:T118R:K131R:D146N:A179T",20,91,0.736181733760675
"E102D:T118R:K131R:D146N:A179V",27,158,1.11046523370917
"E102D:T118R:K131R:E153Q:M178R",7,31,0.604937200482422
"E102D:T118R:K131R:E153Q:A179V",6,17,-0.0324927201328697
"E102D:T118R:K131R:T156A:M178R",12,11,-1.51054001693751
"E102D:T118R:E132D:V145A:M178R",39,9,-3.39506279951758
"E102D:T118R:E132D:V145A:A179T",33,0,-6.48252564076792
"E102D:T118R:E132D:V145A:A179V",40,7,-3.75261480413566
"E102D:T118R:E132D:T156A:M178R",28,0,-6.25304379464515
"E102D:T118R:N133G:D146N:M178R",10,102,1.83200610902834
"E102D:T118R:N133G:D146N:A179T",6,28,0.65556327355239
"E102D:T118R:N133G:D146N:A179V",10,47,0.730468082566281
"E102D:T118R:R134K:T156A:M178R",35,6,-3.75763287890229
"E102D:T118R:R134K:T156A:A179V",19,9,-2.39506279951758
"E102D:T118R:L140A:E153Q:M178R",25,7,-3.09550251765867
"E102D:T118R:L140A:E153Q:A179T",24,0,-6.0389189892923
"E102D:T118R:L140A:E153Q:A179V",13,10,-1.74298610293788
"E102D:T118R:L140A:T156A:M178R",28,0,-6.25304379464515
"E102D:T118R:L140A:T156A:A179V",23,0,-5.98002530023873
"E102D:T118R:E141S:T156A:M178R",21,5,-3.26953191743372
"E102D:V123A:L140A:T156A:M178R",24,0,-6.0389189892923
"E102D:T124A:L140A:E153Q:M178R",28,0,-6.25304379464515
"E102D:T124A:L140A:E153Q:A179T",23,0,-5.98002530023873
"E102D:T124A:L140A:T156A:M178R",39,5,-4.13202839368378
"E102D:T124A:L140A:T156A:A179T",27,0,-6.20241772157518
"E102D:T124A:L140A:T156A:A179V",25,0,-6.09550251765867
"R104H:T118R:K131R:V145A:M178R",26,8,-2.98002530023873
"R104H:T118R:K131R:V145A:A179T",20,0,-5.78738022229634
"R104H:T118R:K131R:V145A:A179V",25,7,-3.09550251765867
"R104H:T118R:K131R:D146N:M178R",6,75,2.0455097918684
"R104H:T118R:K131R:D146N:A179V",13,102,1.48408280560804
"R104H:T118R:K131R:T156A:M178R",82,8,-4.60017722942219
"R104H:T118R:K131R:T156A:A179T",22,0,-5.91862475557459
"R104H:T118R:K131R:T156A:A179V",30,0,-6.34925910990445
"R104H:T118R:E132D:V145A:E176Q",22,0,-5.91862475557459
"R104H:T118R:E132D:V145A:M178R",90,28,-3.0448764445887
"R104H:T118R:E132D:V145A:A179T",54,14,-3.26953191743372
"R104H:T118R:E132D:V145A:A179V",68,10,-4.04415563765845
"R104H:T118R:E132D:D146N:M178R",6,67,1.88504511967516
"R104H:T118R:E132D:D146N:A179V",8,43,0.894443817677407
"R104H:T118R:E132D:E153Q:M178R",8,29,0.341902794648628
"R104H:T118R:E132D:T156A:M178R",40,8,-3.58268980269335
"R104H:T118R:N133G:D146N:M178R",20,212,1.9473293979295
"R104H:T118R:N133G:D146N:A179T",16,96,1.11738720141921
"R104H:T118R:N133G:D146N:A179V",12,88,1.38023091330773
"R104H:T118R:N133G:T156A:M178R",18,5,-3.05802781224001
"R104H:T118R:L140A:E153Q:M178R",38,18,-2.43253750493624
"R104H:T118R:L140A:E153Q:A179T",37,11,-3.05802781224001
"R104H:T118R:L140A:E153Q:A179V",31,5,-3.81010029879642
"R104H:T118R:L140A:T156A:E176Q",23,0,-5.98002530023873
"R104H:T118R:L140A:T156A:M178R",56,14,-3.3210622180738
"R104H:T118R:L140A:T156A:A179T",29,12,-2.601513676985
"R104H:T118R:L140A:T156A:A179V",31,0,-6.39506279951758
"R104H:T118R:E141S:T156A:M178R",37,9,-3.3210622180738
"R104H:T118R:V145A:T156A:M178R",23,8,-2.81010029879642
"R104H:V123A:L140A:T156A:M178R",55,0,-7.20241772157518
"R104H:V123F:L140A:E153Q:M178R",26,0,-6.14995030168105
"R104H:V123F:L140A:E153Q:A179V",32,0,-6.43945691887603
"R104H:V123F:L140A:T156A:M178R",30,5,-3.7642966091833
"R104H:V123F:L140A:T156A:A179T",24,0,-6.0389189892923
"R104H:V123L:L140A:T156A:M178R",29,0,-6.3019533951261
"R104H:T124A:L140A:E153Q:M178R",29,0,-6.3019533951261
"R104H:T124A:L140A:E153Q:A179T",41,0,-6.78738022229634
"R104H:T124A:L140A:E153Q:A179V",35,0,-6.56498780095989
"R104H:T124A:L140A:T156A:M178R",36,0,-6.60451616514653
"R104H:T124A:L140A:T156A:A179V",20,0,-5.78738022229634
"V105A:T118R:K131R:V145A:M178R",64,0,-7.41743061254603
"V105A:T118R:K131R:V145A:A179T",43,0,-6.85449441815488
"V105A:T118R:K131R:V145A:A179V",42,0,-6.82132755421968
"V105A:T118R:K131R:T156A:M178R",33,0,-6.48252564076792
"V105A:T118R:E132D:V145A:M178R",97,0,-8.00977264363279
"V105A:T118R:E132D:V145A:A179T",69,0,-7.52434581646254
"V105A:T118R:E132D:V145A:A179V",79,0,-7.71699089440494
"V105A:T118R:E132D:T156A:M178R",51,0,-7.09550251765867
"V105A:T118R:N133G:D146N:M178R",27,0,-6.20241772157518
"V105A:T118R:N133G:D146N:A179V",26,0,-6.14995030168105
"V105A:T118R:N133G:T156A:M178R",20,0,-5.78738022229634
"V105A:T118R:L140A:E153Q:M178R",28,0,-6.25304379464515
"V105A:T118R:L140A:E153Q:A179T",36,0,-6.60451616514653
"V105A:T118R:L140A:E153Q:A179V",25,0,-6.09550251765867
"V105A:T118R:L140A:T156A:M178R",60,0,-7.32580013708046
"V105A:T118R:L140A:T156A:A179T",21,0,-5.85449441815488
"V105A:T118R:L140A:T156A:A179V",27,0,-6.20241772157518
"V105A:T118R:E141S:T156A:M178R",46,0,-6.94965165119522
"V105A:V123A:L140A:E153Q:M178R",23,0,-5.98002530023873
"V105A:V123A:L140A:E153Q:A179T",23,0,-5.98002530023873
"V105A:V123A:L140A:T156A:M178R",36,0,-6.60451616514653
"V105A:V123A:L140A:T156A:A179T",29,0,-6.3019533951261
"V105A:V123A:L140A:T156A:A179V",28,0,-6.25304379464515
"V105A:V123F:L140A:E153Q:M178R",24,0,-6.0389189892923
"V105A:V123F:L140A:E153Q:A179V",29,0,-6.3019533951261
"V105A:V123F:L140A:T156A:M178R",45,0,-6.91862475557459
"V105A:V123F:L140A:T156A:A179V",22,0,-5.91862475557459
"V105A:V123L:W136H:E153Q:M178R",28,0,-6.25304379464515
"V105A:V123L:W136H:E153Q:A179T",32,0,-6.43945691887603
"V105A:V123L:L140A:T156A:M178R",23,0,-5.98002530023873
"V105A:T124A:L140A:E153Q:M178R",21,0,-5.85449441815488
"V105A:T124A:L140A:T156A:M178R",33,0,-6.48252564076792
"T106I:V123A:L140A:T156A:M178R",22,0,-5.91862475557459
"T106I:V123A:L140A:T156A:A179V",21,0,-5.85449441815488
"T106I:V123L:R134K:M147H:M178R",20,0,-5.78738022229634
"T106I:V123L:R134K:M147H:A179V",40,0,-6.75261480413566
"T106V:V123A:W136H:T156A:M178R",20,0,-5.78738022229634
"T106V:V123F:L140A:E153Q:A179V",23,0,-5.98002530023873
"F108Y:M158V:F159G:A160V:M178R",13,9,-1.88048962668782
"F108Y:M158V:F159G:A160V:A179T",9,13,-0.909635972347336
"F108Y:M158V:F159G:A160V:A179V",13,18,-0.954490208131596
"I111E:V123A:L140A:E153Q:M178R",32,0,-6.43945691887603
"I111E:V123A:L140A:E153Q:A179T",23,0,-5.98002530023873
"I111E:T124A:L140A:E153Q:E176Q",24,0,-6.0389189892923
"I111E:T124A:L140A:E153Q:M178R",97,8,-4.83984764219047
"I111E:T124A:L140A:E153Q:A179T",78,0,-7.69884354769468
"I111E:T124A:L140A:E153Q:A179V",121,0,-8.32580013708046
"I111E:T124A:L140A:T156A:E176Q",64,0,-7.41743061254603
"I111E:T124A:L140A:T156A:M178R",162,5,-6.1588284530275
"I111E:T124A:L140A:T156A:A179T",82,0,-7.7701022308645
"I111E:T124A:L140A:T156A:A179V",82,5,-5.18513973014335
"I111E:T124A:E141S:E153Q:M178R",52,5,-4.53802075335962
"I111E:T124A:E141S:E153Q:A179T",44,0,-6.88691589584725
"I111E:T124A:E141S:E153Q:A179V",32,10,-2.98002530023873
"I111E:T124A:E141S:T156A:E176Q",25,0,-6.09550251765867
"I111E:T124A:E141S:T156A:M178R",94,9,-4.64299031296116
"I111E:T124A:E141S:T156A:A179T",75,5,-5.05802781224001
"I111E:T124A:E141S:T156A:A179V",78,0,-7.69884354769468
"I111E:T124A:V145A:T156A:M178R",21,0,-5.85449441815488
"I111E:V126A:L140A:E153Q:E176Q",23,0,-5.98002530023873
"I111E:V126A:L140A:E153Q:M178R",24,0,-6.0389189892923
"I111E:V126A:L140A:E153Q:A179T",20,0,-5.78738022229634
"I111E:V126A:L140A:E153Q:A179V",20,0,-5.78738022229634
"I111E:F129V:L140A:T156A:M178R",27,0,-6.20241772157518
"I111E:F129V:E141S:E153Q:M178R",24,0,-6.0389189892923
"I111E:F129V:E141S:E153Q:A179T",21,0,-5.85449441815488
"I111E:F129V:E141S:E153Q:A179V",22,0,-5.91862475557459
"I111E:F129V:E141S:T156A:M178R",32,0,-6.43945691887603
"I111M:V123A:L140A:E153Q:M178R",29,0,-6.3019533951261
"I111M:V123A:L140A:E153Q:A179T",23,0,-5.98002530023873
"I111M:V123A:L140A:E153Q:A179V",39,0,-6.71699089440494
"I111M:V123A:L140A:T156A:M178R",42,0,-6.82132755421968
"I111M:V123A:L140A:T156A:A179T",21,0,-5.85449441815488
"I111M:V123F:L140A:E153Q:M178R",27,0,-6.20241772157518
"I111M:V123F:L140A:E153Q:A179T",30,0,-6.34925910990445
"I111M:V123F:L140A:E153Q:A179V",24,0,-6.0389189892923
"I111M:V123F:L140A:T156A:M178R",37,0,-6.64299031296116
"I111M:V123L:L140A:T156A:M178R",31,0,-6.39506279951758
"I111M:T124A:L140A:E153Q:E176Q",34,0,-6.52434581646254
"I111M:T124A:L140A:E153Q:M178R",122,16,-4.25011446360648
"I111M:T124A:L140A:E153Q:A179T",83,6,-4.98002530023873
"I111M:T124A:L140A:E153Q:A179V",111,5,-5.61745522085403
"I111M:T124A:L140A:T156A:E176Q",58,0,-7.27770584887942
"I111M:T124A:L140A:T156A:M178R",220,9,-5.86103726402165
"I111M:T124A:L140A:T156A:A179T",115,0,-8.25304379464515
"I111M:T124A:L140A:T156A:A179V",113,6,-5.42059789162472
"I111M:T124A:E141S:E153Q:M178R",47,0,-6.98002530023873
"I111M:T124A:E141S:E153Q:A179T",30,0,-6.34925910990445
"I111M:T124A:E141S:E153Q:A179V",31,0,-6.39506279951758
"I111M:T124A:E141S:T156A:E176Q",20,0,-5.78738022229634
"I111M:T124A:E141S:T156A:M178R",92,0,-7.93422161062561
"I111M:T124A:E141S:T156A:A179T",41,0,-6.78738022229634
"I111M:T124A:E141S:T156A:A179V",69,0,-7.52434581646254
"I111M:T124A:V145A:T156A:M178R",26,0,-6.14995030168105
"I111M:F129V:L140A:T156A:M178R",41,0,-6.78738022229634
"I111M:F129V:E141S:E153Q:M178R",21,0,-5.85449441815488
"I111M:F129V:E141S:T156A:M178R",31,0,-6.39506279951758
"I111M:F129V:E141S:T156A:A179V",20,0,-5.78738022229634
"T118R:E132D:V145A:T156A:M178R",40,5,-4.16765230341451
"D97E:I111E:V123A:L140A:T156A:M178R",33,0,-6.48252564076792
"D97E:I111E:T124A:L140A:E153Q:E176Q",27,0,-6.20241772157518
"D97E:I111E:T124A:L140A:E153Q:M178R",79,10,-4.25755927576764
"D97E:I111E:T124A:L140A:E153Q:A179T",56,0,-7.22795281368232
"D97E:I111E:T124A:L140A:E153Q:A179V",72,0,-7.5848873583976
"D97E:I111E:T124A:L140A:T156A:E176Q",20,0,-5.78738022229634
"D97E:I111E:T124A:L140A:T156A:M178R",80,0,-7.7349128024022
"D97E:I111E:T124A:L140A:T156A:A179T",40,0,-6.75261480413566
"D97E:I111E:T124A:L140A:T156A:A179V",37,0,-6.64299031296116
"D97E:I111E:T124A:E141S:E153Q:A179T",25,5,-3.51054001693751
"D97E:I111E:T124A:E141S:E153Q:A179V",38,0,-6.68046501837983
"D97E:I111E:T124A:E141S:T156A:M178R",38,0,-6.68046501837983
"D97E:I111E:T124A:E141S:T156A:A179V",29,0,-6.3019533951261
"D97E:I111M:V123F:L140A:T156A:M178R",20,0,-5.78738022229634
"D97E:I111M:T124A:L140A:E153Q:M178R",43,0,-6.85449441815488
"D97E:I111M:T124A:L140A:E153Q:A179T",24,0,-6.0389189892923
"D97E:I111M:T124A:L140A:E153Q:A179V",45,0,-6.91862475557459
"D97E:I111M:T124A:L140A:T156A:E176Q",26,0,-6.14995030168105
"D97E:I111M:T124A:L140A:T156A:M178R",76,0,-7.66184934021248
"D97E:I111M:T124A:L140A:T156A:A179T",42,0,-6.82132755421968
"D97E:I111M:T124A:L140A:T156A:A179V",42,0,-6.82132755421968
"D97E:I111M:T124A:E141S:E153Q:M178R",42,0,-6.82132755421968
"D97E:I111M:T124A:E141S:E153Q:A179T",30,0,-6.34925910990445
"D97E:I111M:T124A:E141S:E153Q:A179V",23,0,-5.98002530023873
"D97E:I111M:T124A:E141S:T156A:M178R",35,0,-6.56498780095989
"V105A:T118R:E132D:V145A:T156A:M178R",22,0,-5.91862475557459
"I111M:T124A:E141S:D154N:T156A:A179T",26,0,-6.14995030168105
