"s";"i";"resi";"taa";"obs";"signal";"note";"active";"inactive";"init_m";"init_ddG";"p_mn";"p_renom";"init_reparam";"gmma";"gmma_reparam";"ddG_glob";"se";"stderr_meas";"stderr_meas_est";"stderr_fit";"stderr_fit_est";"suberr";"obserr";"stderr_subfit_est";"rank";"eff"
"M1I";1;1;"I";2;-0.019929273063922;"";1;1;"3_curve_ddG2";0.400313596305892;0.00206890155676206;0.16137432142744;NA;"use";NA;-0.328214974377416;0.693579503124915;2.08073850937474;1.47130430985487;1.11134515992898;0.785839698824627;NA;2.82842712474619;NA;NA;"unknown"
"M1L";2;1;"L";1;-0.930924267005177;"";1;0;"4_all_flat";0;0.0365882632454265;0.439059158945118;NA;"disconnected";NA;NA;NA;NA;NA;NA;NA;NA;NA;NA;NA;"unknown"
"S3T";3;3;"T";1;-1.59834892791831;"";1;0;"4_all_flat";0;0.0365882632454265;0.439059158945118;NA;"disconnected";NA;NA;NA;NA;NA;NA;NA;NA;NA;NA;NA;"unknown"
"E4G";4;4;"G";421;-2.05826947970865;" posT";201;220;"1_curve";0.526316263432687;1.75051771551473e-62;3.77212785932376e-41;NA;"use";NA;-0.0655651063689101;0.0384085180024572;0.115225554007372;0.00561574988621949;0.0615432266809478;0.00299943333931813;0.887501188758776;0.194948071531432;0.00266200065424755;11;"neu"
"T6I";5;6;"I";1;-0.622801971642845;"";1;0;"4_all_flat";0;0.0365882632454265;0.439059158945118;NA;"disconnected";NA;NA;NA;NA;NA;NA;NA;NA;NA;NA;NA;"unknown"
"T6S";6;6;"S";1;-0.86381007114664;"";1;0;"4_all_flat";0;0.0365882632454265;0.439059158945118;NA;"disconnected";NA;NA;NA;NA;NA;NA;NA;NA;NA;NA;NA;"unknown"
"P7L";7;7;"L";1;-1.05022319537752;"";1;0;"4_all_flat";0;0.0365882632454265;0.439059158945118;NA;"disconnected";NA;NA;NA;NA;NA;NA;NA;NA;NA;NA;NA;"unknown"
"E9G";8;9;"G";1;-0.878456847111042;" posS";1;0;"4_all_flat";0;0.0365882632454265;0.439059158945118;NA;"disconnected";NA;NA;NA;NA;NA;NA;NA;NA;NA;NA;NA;"unknown"
"E9S";9;9;"S";45;-3.8378148626137;" posS";12;33;"3_curve_ddG2";0.276569142306465;1.93466149776656e-11;2.88075382834364;NA;"use";NA;0.52233097888918;0.158934793287858;0.476804379863574;0.0710778003563056;0.25466642608232;0.0379634293537995;1.0269701544685;0.596284793999944;0.0389873089076257;38;"destab"
"R10L";10;10;"L";1;-1.68581176916865;"";1;0;"4_all_flat";0;0.0365882632454265;0.439059158945118;NA;"disconnected";NA;NA;NA;NA;NA;NA;NA;NA;NA;NA;NA;"unknown"
"S11A";11;11;"A";420;-1.72587125843616;" posT";140;280;"1_curve";0.592225656814054;7.00457993623637e-49;1.47095822724238e-27;NA;"use";NA;-0.037844212607999;0.0550730166437718;0.165219049931315;0.0080618641440229;0.0882452987926902;0.00430592967645758;1.04589010694498;0.195180014589707;0.00450352924980777;12;"neu"
"S11E";12;11;"E";114;-2.30520776695368;" posT";37;77;"1_curve";0.952469534339193;8.71533586227422e-16;1.61607803206283;NA;"use";NA;-0.230431305957119;0.104929467769936;0.314788403309807;0.0294826352190421;0.168131923758767;0.0157469974266396;0.939892863820485;0.374634324632678;0.0148004905078981;3;"neu"
"S11T";13;11;"T";1;-1.43788425572506;" posT";1;0;"4_all_flat";0;0.0365882632454265;0.439059158945118;NA;"disconnected";NA;NA;NA;NA;NA;NA;NA;NA;NA;NA;NA;"unknown"
"E12D";14;12;"D";1;-0.476358403539696;"";1;0;"4_all_flat";0;0.0365882632454265;0.439059158945118;NA;"disconnected";NA;NA;NA;NA;NA;NA;NA;NA;NA;NA;NA;"unknown"
"L13A";15;13;"A";128;-1.59945148436546;" posS";26;102;"1_curve";0.878054641628703;2.89592759266227e-18;0.0180906362103169;NA;"use";NA;0.516875136334328;0.0830233152499116;0.249069945749735;0.0221013837660946;0.133030977917508;0.0118045904209092;1.0498284438433;0.354942603766446;0.0123927947917906;37;"destab"
"L13P";16;13;"P";1;-0.674584513745391;" posS";1;0;"4_all_flat";0;0.0365882632454265;0.439059158945118;NA;"disconnected";NA;NA;NA;NA;NA;NA;NA;NA;NA;NA;NA;"unknown"
"K14A";17;14;"A";78;-1.67938550000921;" posS";27;51;"1_curve";0.588095365314037;1.15177758019539e-12;42.0625442920283;NA;"use";NA;0.200003165865075;0.0880147823996397;0.264044347198919;0.0298971350329038;0.141028969254913;0.0159683863036423;0.87539859939797;0.452910813657838;0.0139787030048541;25;"neu"
"K14E";18;14;"E";295;-1.84242411586629;" posS";111;184;"1_curve";0.718535288491494;7.15513530220466e-17;3291.77328677793;NA;"use";NA;0.192602010311472;0.047643275583187;0.142929826749561;0.00832169624467731;0.0763403812886339;0.0044447088388345;0.977017299846533;0.232889003895833;0.0043425574283221;24;"destab"
"N15D";19;15;"D";256;-1.82611634122982;" posT";111;145;"1_curve";0.457986926909582;4.59692459196164e-18;45.949188827878;NA;"use";NA;0.0230986968666792;0.0499114668708819;0.149734400612646;0.00935840003829036;0.0799747784961864;0.00499842365601165;0.905477545552573;0.25;0.00452596038367734;17;"neu"
"N15E";20;15;"E";31;-0.92681986867244;" posT";22;9;"1_curve";-0.761401188679793;2.04531098773898e-10;0.875507921602387;NA;"use";NA;-0.0209216028469558;0.0995918072196773;0.298775421659032;0.0536616498452474;0.159579215394193;0.0286612731780698;0.724847648900712;0.7184212081071;0.0207750564776249;14;"neu"
"N15I";21;15;"I";1;-0.353615338827457;" posT";1;0;"4_all_flat";0;0.0365882632454265;0.439059158945118;NA;"disconnected";NA;NA;NA;NA;NA;NA;NA;NA;NA;NA;NA;"unknown"
"N15Q";22;15;"Q";61;-1.53200643308961;" posT";30;31;"1_curve";-0.00678203456097427;1.45884180294139e-09;4409.03633497126;NA;"use";NA;0.174599337519143;0.0832787591079961;0.249836277323988;0.0319882574426132;0.133440283979808;0.0170852776181342;0.781947566069981;0.512147519731584;0.01335979124913;23;"neu"
"N15S";23;15;"S";432;-1.80169643164873;" posT";172;260;"1_curve";0.612324089959873;1.74513203123572e-21;4.97465850583989;NA;"use";NA;0.0976927927465023;0.0410630467100522;0.123189140130157;0.0059269402679487;0.0657966649930469;0.00316564352045961;1.00348841091655;0.192450089729875;0.0031766865858743;19;"neu"
"S16A";24;16;"A";331;-1.65538618071444;" posS";151;180;"1_curve";0.5709257810199;1.6004844603946e-21;0.255161010653764;NA;"use";NA;0.138334855441782;0.0439711070030233;0.13191332100907;0.00725061186284476;0.070456345270238;0.00387263097404658;0.974564536666304;0.219859883971725;0.00377412881090128;21;"destab"
"S16F";25;16;"F";95;-1.63324371836449;" posS";39;56;"1_curve";0.586810465385609;1.32202723566882e-09;367515.953212572;NA;"use";NA;0.33261762617999;0.0674669498682158;0.202400849604647;0.0207658890138011;0.108104504030749;0.0110912880898451;0.912583760634686;0.410391340834062;0.0101217293953136;30;"destab"
"I17V";26;17;"V";350;-2.04942102964049;" posS";153;197;"1_curve";0.868179711519412;8.783825039417e-35;2.56029171617654e-14;NA;"use";NA;0.309350194175716;0.0463298169078222;0.138989450723467;0.00742929864261588;0.0742357834234191;0.00396806953441695;0.9228873201638;0.213808993529939;0.00366208105884168;28;"destab"
"A18K";27;18;"K";5;-0.515886767726333;" posS";1;4;"3_curve_ddG2";0.364656417463224;0.00204951102485712;8.95226415657591;NA;"use";NA;-0.639207023179531;1.24696373565557;3.74089120696672;1.67297740704177;1.99805084490536;0.893555502341856;0.951756894488817;1.78885438199983;0.850447609962279;NA;"unknown"
"A18T";28;18;"T";67;-0.7686528381063;" posS";26;41;"1_curve";0.421065914473615;6.55848321358276e-09;51016.3455102257;NA;"use";NA;0.355381345964701;0.0816227824284347;0.244868347285304;0.0299154299282924;0.130786858295378;0.0159781578070531;0.981056589819443;0.488677777425221;0.0156754770097845;32;"destab"
"F20H";29;20;"H";37;-2.97531838636363;" posU";16;21;"1_curve";1.06654193297403;1.0673016062505e-07;2411.58936463182;NA;"use";NA;0.723107809828477;0.105965004078669;0.317895012236006;0.0522616180810235;0.169791197511027;0.0279135009241768;0.81608446924344;0.657595949221429;0.0227797745864331;40;"destab"
"F20L";30;20;"L";1;-0.0711019250534372;" posU";1;0;"4_all_flat";0;0.0365882632454265;0.439059158945118;NA;"disconnected";NA;NA;NA;NA;NA;NA;NA;NA;NA;NA;NA;"unknown"
"F20Y";31;20;"Y";134;-1.63822231065039;" posU";95;39;"1_curve";-0.501697876554136;2.5150921318839e-30;2.54441141769276e-14;NA;"use";NA;-0.231209289019193;0.0677339962824643;0.203201988847393;0.0175539782180598;0.108532401248897;0.00937577145914492;0.792731932000752;0.345547370232544;0.00743247342280546;2;"stab"
"H21A";32;21;"A";374;-6.90820419050509;" posS";32;342;"5_most_flat";3.17186358817919;2.9818644143494e-64;1.78150198190458e-43;NA;"use";NA;10;Inf;Inf;Inf;Inf;Inf;1.16361237681233;0.206835075998008;Inf;NA;"destab"
"H21L";33;21;"L";1;-0.486139424332281;" posS";1;0;"4_all_flat";0;0.0365882632454265;0.439059158945118;NA;"disconnected";NA;NA;NA;NA;NA;NA;NA;NA;NA;NA;NA;"unknown"
"H21R";34;21;"R";2;0.147078244996096;" posS";1;1;"3_curve_ddG2";0.316885208252493;0.00206890155676206;0.16137432142744;NA;"use";NA;-0.411434583762737;0.717607829847512;2.15282348954254;1.52227608815321;1.14984653501869;0.813064282235571;NA;2.82842712474619;NA;NA;"unknown"
"H21Y";35;21;"Y";1;-1.00131359489658;" posS";1;0;"4_all_flat";0;0.0365882632454265;0.439059158945118;NA;"disconnected";NA;NA;NA;NA;NA;NA;NA;NA;NA;NA;NA;"unknown"
"T22S";36;22;"S";1;-0.577287312390477;"";1;0;"4_all_flat";0;0.0365882632454265;0.439059158945118;NA;"disconnected";NA;NA;NA;NA;NA;NA;NA;NA;NA;NA;NA;"unknown"
"Y23F";37;23;"F";1;-1.19395867283897;"";1;0;"4_all_flat";0;0.0365882632454265;0.439059158945118;NA;"disconnected";NA;NA;NA;NA;NA;NA;NA;NA;NA;NA;NA;"unknown"
"Q24*";38;24;"*";1;-1.04195557939392;" nonsense posS";1;0;"4_all_flat";0;0.0365882632454265;0.439059158945118;NA;"disconnected";NA;NA;NA;NA;NA;NA;NA;NA;NA;NA;NA;"unknown"
"Q24E";39;24;"E";210;-1.75292596502718;" posS";62;148;"1_curve";0.656188477914884;3.86002784073468e-20;0.0461226147372961;NA;"use";NA;0.31028625851892;0.0766505482884662;0.229951644865399;0.0158681710435736;0.122819684639595;0.00847536343790738;1.08580486326812;0.276026223736942;0.00920259083884464;29;"destab"
"Q24H";40;24;"H";253;-1.27418087133305;" posS";97;156;"1_curve";0.441498504621263;5.26467377847044e-25;4.63614515830625e-06;NA;"use";NA;0.0534834823140091;0.068275161426387;0.204825484279161;0.012877267866604;0.109399527887892;0.00687788938983963;1.0049781120637;0.251477845384773;0.006912128293984;18;"neu"
"L25H";41;25;"H";1;-1.64141764981019;"";1;0;"4_all_flat";0;0.0365882632454265;0.439059158945118;NA;"disconnected";NA;NA;NA;NA;NA;NA;NA;NA;NA;NA;NA;"unknown"
"D26G";42;26;"G";305;-3.48787239155674;" posT";88;217;"1_curve";1.06161861738123;3.36672742245595e-32;2.21906250417405e-12;NA;"use";NA;-0.00607239055194318;0.064752157621495;0.194256472864485;0.0111230932791891;0.10375450347564;0.00594096558677139;1.07138156574019;0.229039333725547;0.00636504101236374;16;"neu"
"D26K";43;26;"K";175;-2.65339029147627;" posT";60;115;"1_curve";0.659909334731405;2.67598707333005e-18;0.457154831408329;NA;"use";NA;-0.208432450270798;0.0737963207036756;0.221388962111027;0.0167834539046333;0.118246262274313;0.00896422600906746;0.970959549852225;0.303239217431561;0.00870390085053775;6;"neu"
"D26N";44;26;"N";121;-1.80128898658858;" posT";41;80;"1_curve";0.67648837178014;3.18840312278022e-15;11.0351101678608;NA;"use";NA;-0.1190458049987;0.0818318582502809;0.245495574750843;0.0223177795228039;0.131121867334169;0.0119201697576517;0.929138189909598;0.363636363636364;0.0110754849520396;9;"neu"
"D26S";45;26;"S";138;-3.30730014591492;" posT";41;97;"1_curve";1.45731805366859;1.76905075447489e-16;2.44016713818236;NA;"use";NA;0.100346492345711;0.0797851185523488;0.239355355657046;0.0203752809675144;0.127842309263777;0.010882660066807;1.03654448798486;0.340502612303499;0.0112803613068617;20;"neu"
"D26V";46;26;"V";1;-0.0133864271971501;" posT";1;0;"4_all_flat";0;0.0365882632454265;0.439059158945118;NA;"disconnected";NA;NA;NA;NA;NA;NA;NA;NA;NA;NA;NA;"unknown"
"G28R";47;28;"R";2;-0.598348927918306;"";2;0;"4_all_flat";-2.14259902976192;0.00512878957348577;0.40004558673189;NA;"use";NA;-1.86751479659181;0.358187880565497;1.07456364169649;0.7598312378601;0.57393617547546;0.40583416164697;NA;2.82842712474619;NA;NA;"unknown"
"S29C";48;29;"C";1;-1.66027667706151;" posU";1;0;"4_all_flat";0;0.0365882632454265;0.439059158945118;NA;"disconnected";NA;NA;NA;NA;NA;NA;NA;NA;NA;NA;NA;"unknown"
"S29G";49;29;"G";1;-0.162249813111633;" posU";1;0;"4_all_flat";0;0.0365882632454265;0.439059158945118;NA;"disconnected";NA;NA;NA;NA;NA;NA;NA;NA;NA;NA;NA;"unknown"
"S29Q";50;29;"Q";213;0.330200548819985;" posU";113;100;"1_curve";-0.108603879776238;1.02711917188902e-18;1.42840793705118;NA;"use";NA;-0.18993162074505;0.05747694018062;0.17243082054186;0.011814765146158;0.0920971842297292;0.00631039508411166;0.846316363540593;0.274075483931013;0.00534059062008981;7;"stab"
"S29R";51;29;"R";2;-2.2707742698898;" posU";1;1;"3_curve_ddG2";1.19147738587312;0.00206890155676206;0.16137432142744;NA;"use";NA;0.460643350566978;0.382588293556399;1.1477648806692;0.811592330328958;0.613033756582644;0.433480326375851;NA;2.82842712474619;NA;NA;"unknown"
"S29T";52;29;"T";435;-0.208202604181173;" posU";169;266;"1_curve";0.376944254110993;1.55401348893244e-26;4.77530070248547e-05;NA;"use";NA;0.3570044368;0.0463187620855848;0.138956286256754;0.00666244397708115;0.0742180699195856;0.00355848408335176;1.02940531889532;0.191785320594154;0.00366312244260665;33;"destab"
"C30A";53;30;"A";303;-0.309814600076251;" posS";128;175;"1_curve";0.413923303692579;1.77238580563978e-20;1.08816719373908;NA;"use";NA;0.244988702387685;0.050536685110706;0.151610055332118;0.00870977010639757;0.0809765861643733;0.00465198332622185;0.958288088931943;0.22979399584857;0.0044579402114284;27;"destab"
"C30R";54;30;"R";1;-0.193958672838971;" posS";1;0;"4_all_flat";0;0.0365882632454265;0.439059158945118;NA;"disconnected";NA;NA;NA;NA;NA;NA;NA;NA;NA;NA;NA;"unknown"
"S31L";55;31;"L";1;-1.36388367428128;" posS";1;0;"4_all_flat";0;0.0365882632454265;0.439059158945118;NA;"disconnected";NA;NA;NA;NA;NA;NA;NA;NA;NA;NA;NA;"unknown"
"S31Q";56;31;"Q";357;-0.347381043369355;" posS";134;223;"1_curve";0.52000999543762;2.39050664868863e-21;0.86322861406306;NA;"use";NA;0.453745964721567;0.0492480305046262;0.147744091513879;0.00781944652222249;0.0789117326719698;0.00417645177740608;1.05646891752957;0.211702449609985;0.00441229148839064;35;"destab"
"S32P";57;32;"P";1;-0.226380150531348;"";1;0;"4_all_flat";0;0.0365882632454265;0.439059158945118;NA;"disconnected";NA;NA;NA;NA;NA;NA;NA;NA;NA;NA;NA;"unknown"
"L33P";58;33;"P";2;-0.481939435802996;"";1;1;"4_all_flat";0;0.01312622416265;1.0238454846867;NA;"use";NA;-0.6828162293542;1.32768340867497;3.98305022602491;2.81644182462882;2.12739062140824;1.50429233463043;NA;2.82842712474619;NA;NA;"unknown"
"H34A";59;34;"A";329;-1.98620670250637;" posU";123;206;"1_curve";0.853275914397223;8.03728071763823e-19;120.014421934409;NA;"use";NA;0.401848817661062;0.0595987492655288;0.178796247796586;0.00985735622831855;0.0954970284381905;0.00526492160580499;0.973257866913009;0.220527138567989;0.00512412637152998;34;"destab"
"H34L";60;34;"L";610;-0.493068685381241;" posU";281;329;"1_curve";0.236681429876684;4.24185312689253e-35;5.14902253885854e-12;NA;"use";NA;-0.229136351771189;0.0495397141747032;0.14861914252411;0.00601741319137554;0.0793791069722625;0.00321396609684392;0.970603379768775;0.161955266035783;0.00311948635605896;4;"stab"
"H34R";61;34;"R";1;-0.58988734917011;" posU";1;0;"4_all_flat";0;0.0365882632454265;0.439059158945118;NA;"disconnected";NA;NA;NA;NA;NA;NA;NA;NA;NA;NA;NA;"unknown"
"A35E";62;35;"E";1;-0.328259764550562;" posT";1;0;"4_all_flat";0;0.0365882632454265;0.439059158945118;NA;"disconnected";NA;NA;NA;NA;NA;NA;NA;NA;NA;NA;NA;"unknown"
"A35I";63;35;"I";63;-2.45134651553162;" posT";26;37;"1_curve";1.15590502653339;3.6256339880722e-18;1.51545058166779e-05;NA;"use";NA;0.208493179558235;0.0867860141974214;0.260358042592264;0.0328020301206997;0.139060073709331;0.0175199224920572;0.951508208398049;0.50395263067897;0.01667035006169;26;"neu"
"A35V";64;35;"V";1;-1.40897156380982;" posT";1;0;"4_all_flat";0;0.0365882632454265;0.439059158945118;NA;"disconnected";NA;NA;NA;NA;NA;NA;NA;NA;NA;NA;NA;"unknown"
"Q36R";65;36;"R";1;-1.17484984989127;"";1;0;"4_all_flat";0;0.0365882632454265;0.439059158945118;NA;"disconnected";NA;NA;NA;NA;NA;NA;NA;NA;NA;NA;NA;"unknown"
"R37P";66;37;"P";1;NA;"";0;1;"4_all_flat";0;0.0439534331195058;0.52744119743407;NA;"hanging";NA;0;NA;Inf;NA;NA;NA;NA;NA;NA;NA;"unknown"
"R37Q";67;37;"Q";1;-0.611464427708564;"";1;0;"4_all_flat";0;0.0365882632454265;0.439059158945118;NA;"disconnected";NA;NA;NA;NA;NA;NA;NA;NA;NA;NA;NA;"unknown"
"I38A";68;38;"A";338;-6.62168143174893;" posS";38;300;"2_curve_ddG1";1.46887095818378;4.55230004348217e-49;9.09947137735461e-29;NA;"use";NA;1.44331702522079;0.0929356487702105;0.278806946310631;0.0151650986444739;0.148913834650952;0.00809984479186001;1.13600505652865;0.217571317288168;0.00920146464065025;44;"destab"
"I38T";69;38;"T";1;-0.586276095617731;" posS";1;0;"4_all_flat";0;0.0365882632454265;0.439059158945118;NA;"disconnected";NA;NA;NA;NA;NA;NA;NA;NA;NA;NA;NA;"unknown"
"I38V";70;38;"V";1;-0.930924267005177;" posS";1;0;"4_all_flat";0;0.0365882632454265;0.439059158945118;NA;"disconnected";NA;NA;NA;NA;NA;NA;NA;NA;NA;NA;NA;"unknown"
"H39N";71;39;"N";950;-3.1530005504986;" posT";313;637;"1_curve";1.02871480368554;1.97590906187196e-72;3.0173237709044e-47;NA;"use";NA;-0.0145748751761701;0.0475463640636018;0.142639092190806;0.00463026086985217;0.0761850967859243;0.00247307289394334;1.03450071474651;0.129845494632239;0.0025583956764046;15;"neu"
"H39R";72;39;"R";1;0.268384541218229;" posT";1;0;"4_all_flat";0;0.0365882632454265;0.439059158945118;NA;"disconnected";NA;NA;NA;NA;NA;NA;NA;NA;NA;NA;NA;"unknown"
"A40T";73;40;"T";1;-0.335314522084512;"";1;0;"4_all_flat";0;0.0365882632454265;0.439059158945118;NA;"disconnected";NA;NA;NA;NA;NA;NA;NA;NA;NA;NA;NA;"unknown"
"A40V";74;40;"V";1;0.523641596460304;"";1;0;"4_all_flat";0;0.0365882632454265;0.439059158945118;NA;"disconnected";NA;NA;NA;NA;NA;NA;NA;NA;NA;NA;NA;"unknown"
"P42A";75;42;"A";424;-1.15847608602954;" posT";178;246;"1_curve";0.477532420852988;1.76381020814031e-36;4.10506420904452e-15;NA;"use";NA;-0.0969468765257501;0.0451438235235625;0.135431470570687;0.00657713363417813;0.0723354273699798;0.00351291889760161;0.91885542688234;0.194257172471453;0.00322786459325876;10;"neu"
"E43D";76;43;"D";377;-1.37123812542043;" posU";192;185;"1_curve";0.146795381392939;6.44559373376802e-34;4.19885501181936e-13;NA;"use";NA;-0.226061372257991;0.0434803296160954;0.130440988848286;0.00671805271531312;0.0696699565850078;0.00358818531769976;0.884809844801297;0.206010481049842;0.00317486169407222;5;"stab"
"E43G";77;43;"G";1;-1.36388367428128;" posU";1;0;"4_all_flat";0;0.0365882632454265;0.439059158945118;NA;"disconnected";NA;NA;NA;NA;NA;NA;NA;NA;NA;NA;NA;"unknown"
"V45A";78;45;"A";391;-0.30111255572714;" posS";154;237;"1_curve";0.335313769218034;2.14902190814713e-30;2.07792150247339e-09;NA;"use";NA;0.14041750662154;0.0422021255015219;0.126606376504566;0.0064027596694868;0.0676218482575091;0.00341978385886213;1.09922891687458;0.202288694969669;0.00375912530712218;22;"destab"
"V45I";79;45;"I";1;-0.0133864271971501;" posS";1;0;"4_all_flat";0;0.0365882632454265;0.439059158945118;NA;"disconnected";NA;NA;NA;NA;NA;NA;NA;NA;NA;NA;NA;"unknown"
"W46*";80;46;"*";2;0.358582350189807;" nonsense";1;1;"3_curve_ddG2";0.292175298903076;0.00206890155676206;0.16137432142744;NA;"use";NA;-0.435620347900928;0.72255648081574;2.16766944244722;1.53277376212529;1.15777592058579;0.818671204540713;NA;2.82842712474619;NA;NA;"unknown"
"W46R";81;46;"R";1;-0.54013431397301;"";1;0;"4_all_flat";0;0.0365882632454265;0.439059158945118;NA;"disconnected";NA;NA;NA;NA;NA;NA;NA;NA;NA;NA;NA;"unknown"
"S47D";82;47;"D";302;-0.34066357802724;" posU";197;105;"1_curve";-0.468056303646788;9.38639264010525e-47;5.56095092998994e-27;NA;"use";NA;-0.725274551218246;0.0573374384415661;0.172012315324698;0.0098981964748557;0.0918736560230842;0.00528673482746397;0.908489357909175;0.230174135059374;0.00480294232883882;1;"stab"
"S47L";83;47;"L";1;-1.4004095503064;" posU";1;0;"4_all_flat";0;0.0365882632454265;0.439059158945118;NA;"disconnected";NA;NA;NA;NA;NA;NA;NA;NA;NA;NA;NA;"unknown"
"S47T";84;47;"T";1;-0.556528752223679;" posU";1;0;"4_all_flat";0;0.0365882632454265;0.439059158945118;NA;"disconnected";NA;NA;NA;NA;NA;NA;NA;NA;NA;NA;NA;"unknown"
"I48A";85;48;"A";116;-4.69809009894708;" posS";7;109;"5_most_flat";2.94048871440908;8.30599888190564e-31;1.84751725601451e-15;NA;"use";NA;9.31644692681744;Inf;Inf;Inf;Inf;Inf;1.07213408094398;0.371390676354104;Inf;NA;"destab"
"I48F";86;48;"F";2;NA;" posS";2;0;"4_all_flat";-1.18548079661261;0.0147202921524722;1.14818278789283;NA;"use";NA;0.123178113423366;0.25134722989693;0.754041689690789;0.53318799207772;0.402741900746741;0.28478152908598;NA;2.82842712474619;NA;NA;"unknown"
"I48V";87;48;"V";250;-1.10798544972912;" posS";121;129;"1_curve";0.490273172684784;8.85599311561156e-22;0.00686051387042245;NA;"use";NA;-0.0276193454290972;0.0522699278829096;0.156809783648729;0.00991752151456424;0.0837538178403264;0.00529705654220552;0.877319684018199;0.25298221281347;0.00464721197183428;13;"neu"
"V49A";88;49;"A";1;-1.25954701446655;"";1;0;"4_all_flat";0;0.0365882632454265;0.439059158945118;NA;"disconnected";NA;NA;NA;NA;NA;NA;NA;NA;NA;NA;NA;"unknown"
"V49I";89;49;"I";1;0.10860409718146;"";1;0;"4_all_flat";0;0.0365882632454265;0.439059158945118;NA;"disconnected";NA;NA;NA;NA;NA;NA;NA;NA;NA;NA;NA;"unknown"
"R50*";90;50;"*";1;-0.293494346389885;" nonsense";1;0;"4_all_flat";0;0.0365882632454265;0.439059158945118;NA;"disconnected";NA;NA;NA;NA;NA;NA;NA;NA;NA;NA;NA;"unknown"
"R50Q";91;50;"Q";1;-0.641417649810192;"";1;0;"4_all_flat";0;0.0365882632454265;0.439059158945118;NA;"disconnected";NA;NA;NA;NA;NA;NA;NA;NA;NA;NA;NA;"unknown"
"R51*";92;51;"*";1;-0.694856908771653;" nonsense";1;0;"4_all_flat";0;0.0365882632454265;0.439059158945118;NA;"disconnected";NA;NA;NA;NA;NA;NA;NA;NA;NA;NA;NA;"unknown"
"F52L";93;52;"L";1;0.0146279489724468;" posS";1;0;"4_all_flat";0;0.0365882632454265;0.439059158945118;NA;"disconnected";NA;NA;NA;NA;NA;NA;NA;NA;NA;NA;NA;"unknown"
"F52V";94;52;"V";1166;-5.36104031881792;" posS";54;1112;"5_most_flat";2.94048871440908;5.27560778446054e-207;7.57361320070593e-181;NA;"use";NA;10;Inf;Inf;Inf;Inf;Inf;1.1242044684804;0.117141482531485;Inf;NA;"destab"
"D53N";95;53;"N";1;0.501186745632608;"";1;0;"4_all_flat";0;0.0365882632454265;0.439059158945118;NA;"disconnected";NA;NA;NA;NA;NA;NA;NA;NA;NA;NA;NA;"unknown"
"K54E";96;54;"E";1;-0.908204190505094;" posS";1;0;"4_all_flat";0;0.0365882632454265;0.439059158945118;NA;"disconnected";NA;NA;NA;NA;NA;NA;NA;NA;NA;NA;NA;"unknown"
"K54I";97;54;"I";1;-0.89139590281854;" posS";1;0;"4_all_flat";0;0.0365882632454265;0.439059158945118;NA;"disconnected";NA;NA;NA;NA;NA;NA;NA;NA;NA;NA;NA;"unknown"
"K54N";98;54;"N";1144;-1.43908124564799;" posS";495;649;"1_curve";0.681545892888088;1.54412984310807e-108;1.79964266612216e-82;NA;"use";NA;0.345445123561631;0.0279156036961824;0.0837468110885472;0.0024771092654088;0.0447300863339675;0.00132305110917303;0.950975948061327;0.118314201255482;0.00125818978287941;31;"destab"
"K54R";99;54;"R";1;-0.820741349254754;" posS";1;0;"4_all_flat";0;0.0365882632454265;0.439059158945118;NA;"disconnected";NA;NA;NA;NA;NA;NA;NA;NA;NA;NA;NA;"unknown"
"Y58H";100;58;"H";1;-0.126844476980434;"";1;0;"4_all_flat";0;0.0365882632454265;0.439059158945118;NA;"disconnected";NA;NA;NA;NA;NA;NA;NA;NA;NA;NA;NA;"unknown"
"P60L";101;60;"L";1;-0.985372051027553;"";1;0;"4_all_flat";0;0.0365882632454265;0.439059158945118;NA;"disconnected";NA;NA;NA;NA;NA;NA;NA;NA;NA;NA;NA;"unknown"
"I62N";102;62;"N";1;-1.05022319537752;"";1;0;"4_all_flat";0;0.0365882632454265;0.439059158945118;NA;"disconnected";NA;NA;NA;NA;NA;NA;NA;NA;NA;NA;NA;"unknown"
"S64F";103;64;"F";3;-1.32324168978394;" posU";3;0;"4_all_flat";-0.526606091491559;0.00161576977297271;0.588140197362066;NA;"use";NA;-0.399799895324812;0.241705462916046;0.725116388748139;0.418646142237547;0.387292581643322;0.223603476266917;0.407785859806822;2.3094010767585;0.0911823358252991;NA;"unknown"
"S64T";104;64;"T";1;NA;" posU";1;0;"4_all_flat";-0.283661129736069;0.070087906866239;0.841054882394868;NA;"hanging";NA;-0.958757932263234;NA;0.148207870115078;NA;NA;NA;NA;NA;NA;NA;"stab"
"C65R";105;65;"R";1;-0.660276677061508;"";1;0;"4_all_flat";0;0.0365882632454265;0.439059158945118;NA;"disconnected";NA;NA;NA;NA;NA;NA;NA;NA;NA;NA;NA;"unknown"
"S66P";106;66;"P";1;-0.727390872920045;"";1;0;"4_all_flat";0;0.0365882632454265;0.439059158945118;NA;"disconnected";NA;NA;NA;NA;NA;NA;NA;NA;NA;NA;NA;"unknown"
"V67A";107;67;"A";1;-0.908204190505094;"";1;0;"4_all_flat";0;0.0365882632454265;0.439059158945118;NA;"disconnected";NA;NA;NA;NA;NA;NA;NA;NA;NA;NA;NA;"unknown"
"V67I";108;67;"I";1;-1.75689486723013;"";1;0;"4_all_flat";0;0.0365882632454265;0.439059158945118;NA;"disconnected";NA;NA;NA;NA;NA;NA;NA;NA;NA;NA;NA;"unknown"
"E68D";109;68;"D";1;-1.15331668834163;" posS";1;0;"4_all_flat";0;0.0365882632454265;0.439059158945118;NA;"disconnected";NA;NA;NA;NA;NA;NA;NA;NA;NA;NA;NA;"unknown"
"E68K";110;68;"K";310;-1.77340775733486;" posS";142;168;"1_curve";0.82590851034078;3.66047555367626e-28;2.87541460167997e-08;NA;"use";NA;0.616597183247954;0.0386326305801967;0.11589789174059;0.00658255791783533;0.0619023296063195;0.00351581606673716;0.895088878285801;0.227184733698826;0.00314696785943496;39;"destab"
"E68V";111;68;"V";1;-0.556528752223679;" posS";1;0;"4_all_flat";0;0.0365882632454265;0.439059158945118;NA;"disconnected";NA;NA;NA;NA;NA;NA;NA;NA;NA;NA;NA;"unknown"
"Q69*";112;69;"*";1;-0.778921173560127;" nonsense posS";1;0;"4_all_flat";0;0.0365882632454265;0.439059158945118;NA;"disconnected";NA;NA;NA;NA;NA;NA;NA;NA;NA;NA;NA;"unknown"
"Q69D";113;69;"D";185;-1.7125032148921;" posS";74;111;"1_curve";0.882978910505835;6.85362506654374e-13;211581.039750222;NA;"use";NA;0.958757932263234;0.0494026233716927;0.148207870115078;0.010926029143659;0.0791594418874235;0.00583571148000581;0.893033362803954;0.294883912309794;0.00521148504734323;41;"destab"
"Q69E";114;69;"E";520;-1.36571820334104;" posS";254;266;"1_curve";0.628893550848984;1.74841457797914e-50;3.73461253919778e-28;NA;"use";NA;0.516613904918998;0.0301621749717056;0.0904865249151167;0.00396809661580142;0.0483298410877329;0.00211940373489152;0.912440428234014;0.175411603861406;0.00193382965146519;36;"destab"
"Q69H";115;69;"H";2;-1.34596176628402;" posS";2;0;"4_all_flat";-0.661253524394508;0.00512878957348577;0.40004558673189;NA;"use";NA;-0.00714470327181991;0.3103690827567;0.931107248270101;0.658392249263734;0.49731454917452;0.351654490104034;NA;2.82842712474619;NA;NA;"unknown"
"Q69L";116;69;"L";1;-1.59834892791831;" posS";1;0;"4_all_flat";0;0.0365882632454265;0.439059158945118;NA;"disconnected";NA;NA;NA;NA;NA;NA;NA;NA;NA;NA;NA;"unknown"
"N70D";117;70;"D";1;-1.62691808011508;" posS";1;0;"4_all_flat";0;0.0365882632454265;0.439059158945118;NA;"disconnected";NA;NA;NA;NA;NA;NA;NA;NA;NA;NA;NA;"unknown"
"N70G";118;70;"G";305;-2.45021261524128;" posS";99;206;"1_curve";1.12592387226132;3.98079617400609e-21;0.262380478668289;NA;"use";NA;1.17241317865909;0.0457429421431146;0.137228826429344;0.00785769974332892;0.0732954147615661;0.00419688324053169;0.957654982610969;0.229039333725547;0.00401916614673164;42;"destab"
"F71V";119;71;"V";1003;-4.96003553890065;" posS";34;969;"2_curve_ddG1";3.13160634580336;2.51711239079934e-188;6.9586702309712e-163;NA;"use";NA;9.92920112878317;Inf;Inf;Inf;Inf;Inf;1.15913495200792;0.126364804721313;Inf;NA;"destab"
"M73K";120;73;"K";1;-3.10084926844749;" posS";1;0;"4_all_flat";0;0.0365882632454265;0.439059158945118;NA;"disconnected";NA;NA;NA;NA;NA;NA;NA;NA;NA;NA;NA;"unknown"
"M73Q";121;73;"Q";108;-3.29658796168359;" posS";18;90;"1_curve";1.57577782467058;4.37014264741291e-19;0.00046073800187481;NA;"use";NA;1.8395543211058;0.10068029686267;0.30204089058801;0.029063898247877;0.16132333800872;0.0155233454376506;1.00891164824356;0.38490017945975;0.0156616840317543;46;"destab"
"R74C";122;74;"C";3;-0.86381007114664;"";3;0;"4_all_flat";-2.14259902976192;0.000539199188944512;0.196268504775803;NA;"use";NA;-1.56304621958935;0.378526766668546;1.13558030000564;0.655627591894692;0.606525838992231;0.350177856412628;1.62572129153715;2.3094010767585;0.569291596994849;NA;"unknown"
"R74H";123;74;"H";1;-0.400409550306397;"";1;0;"4_all_flat";0;0.0365882632454265;0.439059158945118;NA;"disconnected";NA;NA;NA;NA;NA;NA;NA;NA;NA;NA;NA;"unknown"
"V75A";124;75;"A";1;-2.10084926844749;" posS";1;0;"4_all_flat";0;0.0365882632454265;0.439059158945118;NA;"disconnected";NA;NA;NA;NA;NA;NA;NA;NA;NA;NA;NA;"unknown"
"V75D";125;75;"D";1;-1.94884617500244;" posS";1;0;"4_all_flat";0;0.0365882632454265;0.439059158945118;NA;"disconnected";NA;NA;NA;NA;NA;NA;NA;NA;NA;NA;NA;"unknown"
"V75E";126;75;"E";110;-3.56334524766118;" posS";38;72;"2_curve_ddG1";1.77670492098363;2.23092842643132e-26;2.84833779042289e-11;NA;"use";NA;1.77827041855052;0.0773363732663342;0.232009119799003;0.0221212016092148;0.123918604469662;0.0118151753473345;1.03887807072313;0.381385035698237;0.0122745265700943;45;"destab"
"V75I";127;75;"I";1;-1.68581176916865;" posS";1;0;"4_all_flat";0;0.0365882632454265;0.439059158945118;NA;"disconnected";NA;NA;NA;NA;NA;NA;NA;NA;NA;NA;NA;"unknown"
"V75T";128;75;"T";614;-4.65051563077991;" posS";72;542;"2_curve_ddG1";2.74191681053169;6.23333822264459e-83;8.12477641618735e-60;NA;"use";NA;2.7358071801208;0.110500838759623;0.331502516278869;0.0133783527746469;0.177059114016929;0.00714552431117063;1.09058880029982;0.161426862454252;0.00779282878603275;47;"destab"
"G76*";129;76;"*";1;-1.32324168978394;" nonsense";1;0;"4_all_flat";0;0.0365882632454265;0.439059158945118;NA;"disconnected";NA;NA;NA;NA;NA;NA;NA;NA;NA;NA;NA;"unknown"
"G76R";130;76;"R";2;0.463935350336036;"";2;0;"4_all_flat";-2.14259902976192;0.00512878957348577;0.40004558673189;NA;"use";NA;-1.36615358567107;0.417198900706742;1.25159670212023;0.885012515379931;0.668491466283458;0.472694848974372;NA;2.82842712474619;NA;NA;"unknown"
"C77R";131;77;"R";1;-1.33531452208451;"";1;0;"4_all_flat";0;0.0365882632454265;0.439059158945118;NA;"disconnected";NA;NA;NA;NA;NA;NA;NA;NA;NA;NA;NA;"unknown"
"C77Y";132;77;"Y";3;-0.8613833337521;"";3;0;"4_all_flat";-2.14259902976192;0.000539199188944512;0.196268504775803;NA;"use";NA;-1.82204756367061;0.358380979132219;1.07514293739666;0.620734064323285;0.574245583634941;0.331540842292587;0.750898739416906;2.3094010767585;0.248953600542723;NA;"unknown"
"T78M";133;78;"M";2;-0.131222917491008;"";1;1;"3_curve_ddG2";0.525007319316128;0.00206890155676206;0.16137432142744;NA;"use";NA;-0.203574489542637;0.640388696729481;1.92116609018844;1.35846957015789;1.02611578827951;0.725573432175022;NA;2.82842712474619;NA;NA;"unknown"
"R79H";134;79;"H";1;-1.8113426512525;"";1;0;"4_all_flat";0;0.0365882632454265;0.439059158945118;NA;"disconnected";NA;NA;NA;NA;NA;NA;NA;NA;NA;NA;NA;"unknown"
"D80E";135;80;"E";241;-0.205953088850663;" posU";172;69;"1_curve";-0.341170933639316;4.55805132499838e-46;2.38176222280586e-27;NA;"use";NA;-0.133381140012309;0.0401653651186872;0.120496095356062;0.00776183582790335;0.0643582803706266;0.00414568127645016;0.841182484341575;0.257662650560332;0.0034872744754127;8;"stab"
"D80N";136;80;"N";1;-0.641417649810192;" posU";1;0;"4_all_flat";0;0.0365882632454265;0.439059158945118;NA;"disconnected";NA;NA;NA;NA;NA;NA;NA;NA;NA;NA;NA;"unknown"
"D80V";137;80;"V";1;-1.29349434638989;" posU";1;0;"4_all_flat";0;0.0365882632454265;0.439059158945118;NA;"disconnected";NA;NA;NA;NA;NA;NA;NA;NA;NA;NA;NA;"unknown"
"V81A";138;81;"A";1;-0.546260416769852;"";1;0;"4_all_flat";0;0.0365882632454265;0.439059158945118;NA;"disconnected";NA;NA;NA;NA;NA;NA;NA;NA;NA;NA;NA;"unknown"
"V81M";139;81;"M";1;-0.0711019250534372;"";1;0;"4_all_flat";0;0.0365882632454265;0.439059158945118;NA;"disconnected";NA;NA;NA;NA;NA;NA;NA;NA;NA;NA;NA;"unknown"
"I82F";140;82;"F";1;-0.400409550306397;" posS";1;0;"4_all_flat";0;0.0365882632454265;0.439059158945118;NA;"disconnected";NA;NA;NA;NA;NA;NA;NA;NA;NA;NA;NA;"unknown"
"I82N";141;82;"N";267;-2.38669557892452;" posS";40;227;"1_curve";1.26057130516427;9.19059909138062e-71;1.44429759375636e-51;NA;"use";NA;1.19874688829208;0.0670281813758078;0.201084544127423;0.0123061742499513;0.107401450901051;0.0065728620527313;0.933519177025206;0.244796024544842;0.00613589277416593;43;"destab"
"V83I";142;83;"I";1;-1.10084926844749;"";1;0;"4_all_flat";0;0.0365882632454265;0.439059158945118;NA;"disconnected";NA;NA;NA;NA;NA;NA;NA;NA;NA;NA;NA;"unknown"
"I84V";143;84;"V";1;-0.363883674281283;"";1;0;"4_all_flat";0;0.0365882632454265;0.439059158945118;NA;"disconnected";NA;NA;NA;NA;NA;NA;NA;NA;NA;NA;NA;"unknown"
"S85G";144;85;"G";1;0.095547944356014;"";1;0;"4_all_flat";0;0.0365882632454265;0.439059158945118;NA;"disconnected";NA;NA;NA;NA;NA;NA;NA;NA;NA;NA;NA;"unknown"
"S85R";145;85;"R";1;-0.842115000047321;"";1;0;"4_all_flat";0;0.0365882632454265;0.439059158945118;NA;"disconnected";NA;NA;NA;NA;NA;NA;NA;NA;NA;NA;NA;"unknown"
"G86E";146;86;"E";1;-1.207764472364;"";1;0;"4_all_flat";0;0.0365882632454265;0.439059158945118;NA;"disconnected";NA;NA;NA;NA;NA;NA;NA;NA;NA;NA;NA;"unknown"
"G86R";147;86;"R";1;-0.660276677061508;"";1;0;"4_all_flat";0;0.0365882632454265;0.439059158945118;NA;"disconnected";NA;NA;NA;NA;NA;NA;NA;NA;NA;NA;NA;"unknown"
"L87F";148;87;"F";1;-2.01338642719715;"";1;0;"4_all_flat";0;0.0365882632454265;0.439059158945118;NA;"disconnected";NA;NA;NA;NA;NA;NA;NA;NA;NA;NA;NA;"unknown"
"P88L";149;88;"L";1;-0.572470296092701;"";1;0;"4_all_flat";0;0.0365882632454265;0.439059158945118;NA;"disconnected";NA;NA;NA;NA;NA;NA;NA;NA;NA;NA;NA;"unknown"
"P88S";150;88;"S";1;-0.259547014466547;"";1;0;"4_all_flat";0;0.0365882632454265;0.439059158945118;NA;"disconnected";NA;NA;NA;NA;NA;NA;NA;NA;NA;NA;NA;"unknown"
"A89E";151;89;"E";1;0.134367193246542;"";1;0;"4_all_flat";0;0.0365882632454265;0.439059158945118;NA;"disconnected";NA;NA;NA;NA;NA;NA;NA;NA;NA;NA;NA;"unknown"
"A89P";152;89;"P";1;-0.384642234448081;"";1;0;"4_all_flat";0;0.0365882632454265;0.439059158945118;NA;"disconnected";NA;NA;NA;NA;NA;NA;NA;NA;NA;NA;NA;"unknown"
"A89T";153;89;"T";1;-0.827830774041074;"";1;0;"4_all_flat";0;0.0365882632454265;0.439059158945118;NA;"disconnected";NA;NA;NA;NA;NA;NA;NA;NA;NA;NA;NA;"unknown"
"A89V";154;89;"V";1;0.588449892088402;"";1;0;"4_all_flat";0;0.0365882632454265;0.439059158945118;NA;"disconnected";NA;NA;NA;NA;NA;NA;NA;NA;NA;NA;NA;"unknown"
"T91A";155;91;"A";1;-0.731615458781771;"";1;0;"4_all_flat";0;0.0365882632454265;0.439059158945118;NA;"disconnected";NA;NA;NA;NA;NA;NA;NA;NA;NA;NA;NA;"unknown"
"T91K";156;91;"K";1;-0.778921173560127;"";1;0;"4_all_flat";0;0.0365882632454265;0.439059158945118;NA;"disconnected";NA;NA;NA;NA;NA;NA;NA;NA;NA;NA;NA;"unknown"
"T91S";157;91;"S";1;-1.51588676772633;"";1;0;"4_all_flat";0;0.0365882632454265;0.439059158945118;NA;"disconnected";NA;NA;NA;NA;NA;NA;NA;NA;NA;NA;NA;"unknown"
"S92L";158;92;"L";1;-1.10084926844749;"";1;0;"4_all_flat";0;0.0365882632454265;0.439059158945118;NA;"disconnected";NA;NA;NA;NA;NA;NA;NA;NA;NA;NA;NA;"unknown"
"T93M";159;93;"M";1;-0.820741349254754;"";1;0;"4_all_flat";0;0.0365882632454265;0.439059158945118;NA;"disconnected";NA;NA;NA;NA;NA;NA;NA;NA;NA;NA;NA;"unknown"
